match_id,match_date,league,home_team,away_team,rule_name,channel,bet_type,odds,hit,pnl,hcap,rank_gap,had_d,hhad_d,home_recent_win_by_1_rate,away_recent_loss_by_1_rate,away_recent_ga_per_match,h2h_draw_rate,h2h_one_goal_margin_rate,recent_low_scoring_sum
202409286015,2024-09-28,英冠,沃特福德,桑德兰,DRAW_V32_CORE,draw,draw,3.18,False,-100.0,-0.25,5,3.18,3.7,0.16666666666666666,0.16666666666666666,1.0,0.35714285714285715,0.5,1.0
202409286008,2024-09-28,德甲,门兴,柏林联合,DRAW_V32_CORE,draw,draw,3.38,False,-100.0,0.25,,3.38,3.65,0.16666666666666666,0.0,0.5,0.2727272727272727,0.6666666666666666,1.3333333333333335
202409286001,2024-09-28,日职,名古屋鲸,磐田喜悦,DRAW_V32_CORE,draw,draw,3.3,False,-100.0,0.5,,3.3,3.5,0.3333333333333333,0.0,1.6666666666666667,0.20588235294117646,0.8333333333333334,1.1666666666666665
202409290012,2024-09-29,荷甲,瓦尔韦克,阿贾克斯,HDRAW_V32_CORE,hdraw,handicap_draw,3.88,False,-100.0,-1.25,13,4.9,3.88,0.0,0.16666666666666666,0.6666666666666666,0.06666666666666667,0.3333333333333333,0.3333333333333333
202409290011,2024-09-29,西甲,毕尔巴鄂,塞维利亚,DRAW_V32_CORE,draw,draw,3.52,True,252.0,0.75,,3.52,3.26,0.3333333333333333,0.3333333333333333,1.1666666666666667,0.08163265306122448,0.5,1.1666666666666665
202409290008,2024-09-29,意甲,罗马,威尼斯,HDRAW_V32_CORE,hdraw,handicap_draw,3.55,True,254.99999999999997,1.25,11,4.5,3.55,0.0,0.16666666666666666,1.8333333333333333,0.5,0.5,1.1666666666666665
202410056002,2024-10-05,日职,浦和红钻,大阪樱花,DRAW_V32_CORE,draw,draw,3.3,False,-100.0,0.25,3,3.3,3.65,0.16666666666666666,0.16666666666666666,1.6666666666666667,0.22727272727272727,0.5,1.1666666666666667
202410056001,2024-10-05,日乙,甲府风林,冈山绿雉,DRAW_V32_CORE,draw,draw,3.3,False,-100.0,-0.25,5,3.3,3.55,0.0,0.16666666666666666,0.16666666666666666,0.23809523809523808,0.5,1.3333333333333335
202410060012,2024-10-06,英冠,布城,加的夫城,DRAW_V32_CORE,draw,draw,3.72,True,272.0,0.75,,3.72,3.2,0.16666666666666666,0.16666666666666666,2.3333333333333335,0.13333333333333333,0.5,1.1666666666666665
202410060006,2024-10-06,瑞超,索尔纳,赫根,DRAW_V32_CORE,draw,draw,3.5,False,-100.0,0.75,4,3.5,3.55,0.6666666666666666,0.16666666666666666,2.0,0.2222222222222222,0.5,1.1666666666666667
202410060005,2024-10-06,西甲,赫罗纳,毕尔巴鄂,DRAW_V32_CORE,draw,draw,3.1,False,-100.0,0.25,,3.1,3.8,0.0,0.0,0.8333333333333334,0.125,0.8333333333333334,1.3333333333333333
202410200003,2024-10-20,意甲,恩波利,那不勒斯,DRAW_V32_CORE,draw,draw,3.6,False,-100.0,-0.75,0,3.6,3.25,0.16666666666666666,0.0,0.3333333333333333,0.17647058823529413,0.6666666666666666,1.0
202410200001,2024-10-20,日乙,冈山绿雉,磐城FC,DRAW_V32_CORE,draw,draw,3.15,False,-100.0,0.5,4,3.15,3.35,0.16666666666666666,0.0,1.0,0.6666666666666666,0.3333333333333333,1.5
202410266002,2024-10-26,澳超,墨尔本城,墨胜利,DRAW_V32_CORE,draw,draw,3.4,False,-100.0,0.0,,3.4,3.9,0.5,0.16666666666666666,0.16666666666666666,0.3111111111111111,0.5,1.1666666666666665
202410266001,2024-10-26,韩职,江原FC,金泉尚武,DRAW_V32_CORE,draw,draw,3.2,False,-100.0,0.25,2,3.2,3.65,0.16666666666666666,0.3333333333333333,0.8333333333333334,0.1111111111111111,1.0,1.1666666666666665
202410270002,2024-10-27,韩职,浦项制铁,蔚山现代,DRAW_V32_CORE,draw,draw,3.2,False,-100.0,0.0,2,3.2,3.77,0.3333333333333333,0.0,1.1666666666666667,0.29577464788732394,0.8333333333333334,1.3333333333333333
202411026012,2024-11-02,英超,南安普敦,埃弗顿,DRAW_V32_CORE,draw,draw,3.17,False,-100.0,0.0,0,3.17,4.4,0.16666666666666666,0.0,0.6666666666666666,0.2727272727272727,0.5,1.1666666666666667
202411026009,2024-11-02,德甲,法兰克福,波鸿,HDRAW_V32_CORE,hdraw,handicap_draw,3.9,False,-100.0,1.25,8,4.8,3.9,0.3333333333333333,0.16666666666666666,3.3333333333333335,0.2631578947368421,0.16666666666666666,0.3333333333333333
202411026006,2024-11-02,意甲,博洛尼亚,莱切,DRAW_V32_CORE,draw,draw,3.4,False,-100.0,0.75,1,3.4,3.15,0.0,0.3333333333333333,2.1666666666666665,0.35,0.5,1.5
202411030005,2024-11-03,英超,热刺,维拉,DRAW_V32_CORE,draw,draw,3.8,False,-100.0,0.5,,3.8,4.0,0.5,0.16666666666666666,0.6666666666666666,0.2222222222222222,0.5,1.0
202411030002,2024-11-03,意甲,那不勒斯,亚特兰大,DRAW_V32_CORE,draw,draw,3.25,False,-100.0,0.25,5,3.25,3.56,0.3333333333333333,0.0,0.3333333333333333,0.21052631578947367,0.5,1.1666666666666665
202411096007,2024-11-09,英超,西汉姆联,埃弗顿,DRAW_V32_CORE,draw,draw,3.3,True,229.99999999999997,0.5,2,3.3,3.5,0.16666666666666666,0.16666666666666666,0.6666666666666666,0.25,0.6666666666666666,1.0
202411100008,2024-11-10,西甲,贝蒂斯,塞尔塔,DRAW_V32_CORE,draw,draw,3.15,True,215.0,0.5,,3.15,3.5,0.5,0.16666666666666666,1.1666666666666667,0.35294117647058826,0.6666666666666666,1.0
202411100006,2024-11-10,意甲,亚特兰大,乌迪内斯,HDRAW_V32_CORE,hdraw,handicap_draw,3.55,True,254.99999999999997,1.25,13,4.75,3.55,0.0,0.5,1.5,0.34146341463414637,0.0,1.3333333333333333
202411100005,2024-11-10,韩职,全北现代,大邱FC,DRAW_V32_CORE,draw,draw,3.55,False,-100.0,0.5,0,3.55,3.48,0.16666666666666666,0.16666666666666666,1.5,0.20754716981132076,0.5,1.3333333333333333
202411100004,2024-11-10,日职,浦和红钻,广岛三箭,DRAW_V32_CORE,draw,draw,3.65,False,-100.0,-0.75,10,3.65,3.2,0.16666666666666666,0.3333333333333333,1.1666666666666667,0.24444444444444444,0.5,1.1666666666666667
202411192002,2024-11-19,世预赛,印尼,沙特,DRAW_V32_CORE,draw,draw,3.2,False,-100.0,-0.5,,3.2,3.3,0.0,0.16666666666666666,1.0,0.3333333333333333,0.5,1.1666666666666665
202411225001,2024-11-22,澳超,珀斯,西部联,DRAW_V32_CORE,draw,draw,3.8,False,-100.0,-0.75,,3.8,3.7,0.0,0.5,1.6666666666666667,0.08333333333333333,0.8333333333333334,1.0
202411236022,2024-11-23,英冠,西布罗姆,诺维奇,DRAW_V32_CORE,draw,draw,3.38,True,238.0,0.5,,3.38,3.45,0.16666666666666666,0.16666666666666666,2.0,0.16666666666666666,0.5,1.3333333333333335
202411236020,2024-11-23,英超,埃弗顿,布伦特,DRAW_V32_CORE,draw,draw,3.25,True,225.0,0.25,,3.25,3.85,0.16666666666666666,0.3333333333333333,2.1666666666666665,0.25,0.5,1.0
202411236011,2024-11-23,意甲,维罗纳,国际米兰,HDRAW_V32_CORE,hdraw,handicap_draw,3.5,False,-100.0,-1.25,13,4.2,3.5,0.3333333333333333,0.0,0.8333333333333334,0.21052631578947367,0.3333333333333333,0.8333333333333333
202411236010,2024-11-23,法乙,巴黎FC,阿纳西,DRAW_V32_CORE,draw,draw,3.7,True,270.0,0.75,,3.7,3.25,0.16666666666666666,0.0,1.6666666666666667,0.4,0.4,1.0
202411236005,2024-11-23,澳超,布里斯班,阿德莱德,DRAW_V32_CORE,draw,draw,3.9,False,-100.0,-0.5,,3.9,4.0,0.0,0.16666666666666666,1.3333333333333333,0.1875,0.5,1.3333333333333333
202411240016,2024-11-24,英冠,斯旺西,利兹联,DRAW_V32_CORE,draw,draw,3.4,False,-100.0,-0.75,8,3.4,3.3,0.3333333333333333,0.16666666666666666,0.3333333333333333,0.1,0.5,1.5
202411240013,2024-11-24,法甲,里尔,雷恩,DRAW_V32_CORE,draw,draw,3.32,False,-100.0,0.5,4,3.32,3.45,0.0,0.16666666666666666,2.0,0.4375,0.16666666666666666,1.1666666666666665
202411240012,2024-11-24,意甲,科莫,佛罗伦萨,DRAW_V32_CORE,draw,draw,3.4,False,-100.0,-0.5,10,3.4,3.6,0.0,0.16666666666666666,1.0,0.0,0.5,1.0
202411240003,2024-11-24,韩职,大邱FC,仁川联,DRAW_V32_CORE,draw,draw,3.15,False,-100.0,0.0,,3.15,4.35,0.16666666666666666,0.5,1.3333333333333333,0.39285714285714285,0.3333333333333333,1.0
202411240002,2024-11-24,韩职,光州FC,全北现代,DRAW_V32_CORE,draw,draw,3.1,True,210.0,0.0,4,3.1,4.3,0.0,0.3333333333333333,1.0,0.18518518518518517,0.5,1.5
202411240001,2024-11-24,韩职,大田市民,济州SK,DRAW_V32_CORE,draw,draw,3.15,False,-100.0,0.25,,3.15,3.7,0.3333333333333333,0.16666666666666666,1.0,0.2,0.5,1.0
202411306014,2024-11-30,意甲,科莫,蒙扎,DRAW_V32_CORE,draw,draw,3.1,True,210.0,0.5,4,3.1,3.3,0.0,0.3333333333333333,1.1666666666666667,0.3076923076923077,0.5,1.5
202411306013,2024-11-30,英冠,布莱克本,利兹联,DRAW_V32_CORE,draw,draw,3.55,False,-100.0,-0.75,7,3.55,3.3,0.16666666666666666,0.16666666666666666,0.6666666666666666,0.17647058823529413,0.5,1.3333333333333335
202411306010,2024-11-30,英冠,沃特福德,女王巡游,DRAW_V32_CORE,draw,draw,3.5,True,250.0,0.5,,3.5,3.43,0.5,0.0,1.1666666666666667,0.17391304347826086,0.6666666666666666,1.5
202411306007,2024-11-30,德乙,不伦瑞克,雷根斯堡,DRAW_V32_CORE,draw,draw,3.75,True,275.0,0.75,,3.75,3.3,0.0,0.16666666666666666,2.3333333333333335,0.06666666666666667,0.5,1.1666666666666665
202411306002,2024-11-30,日职,町田泽维,京都,DRAW_V32_CORE,draw,draw,3.9,False,-100.0,0.75,,3.9,3.4,0.0,0.16666666666666666,0.6666666666666666,0.2,0.5,1.1666666666666665
202412010021,2024-12-01,法甲,蒙彼利埃,里尔,DRAW_V32_CORE,draw,draw,3.6,True,260.0,-0.75,13,3.6,3.56,0.0,0.0,0.8333333333333334,0.24242424242424243,0.6666666666666666,1.0
202412010002,2024-12-01,澳超,西部联,墨胜利,DRAW_V32_CORE,draw,draw,3.75,False,-100.0,-0.75,,3.75,3.5,0.0,0.3333333333333333,0.6666666666666666,0.1875,0.6666666666666666,1.1666666666666665
202412080025,2024-12-08,荷乙,埃门,SBV精英,DRAW_V32_CORE,draw,draw,3.35,True,235.0,0.0,,3.35,4.0,0.16666666666666666,0.0,0.16666666666666666,0.05555555555555555,0.8333333333333334,1.0
202412080017,2024-12-08,英超,伊普斯,伯恩茅斯,DRAW_V32_CORE,draw,draw,3.52,False,-100.0,-0.5,,3.52,3.6,0.16666666666666666,0.3333333333333333,1.5,1.0,0.0,1.0
202412080010,2024-12-08,德乙,杜塞多夫,不伦瑞克,DRAW_V32_CORE,draw,draw,3.55,False,-100.0,0.5,,3.55,3.47,0.0,0.16666666666666666,1.0,0.43478260869565216,0.16666666666666666,1.1666666666666665
202412080009,2024-12-08,德乙,雷根斯堡,科隆,HDRAW_V32_CORE,hdraw,handicap_draw,3.55,True,254.99999999999997,-1.0,11,4.35,3.55,0.3333333333333333,0.0,0.5,0.3333333333333333,0.3333333333333333,1.5
202412080007,2024-12-08,意甲,佛罗伦萨,卡利亚里,HDRAW_V32_CORE,hdraw,handicap_draw,3.55,True,254.99999999999997,1.0,11,4.0,3.55,0.3333333333333333,0.16666666666666666,1.8333333333333333,0.23684210526315788,0.3333333333333333,0.8333333333333333
202412080002,2024-12-08,日职,大阪钢巴,广岛三箭,DRAW_V32_CORE,draw,draw,3.65,False,-100.0,-0.5,3,3.65,3.45,0.5,0.16666666666666666,1.1666666666666667,0.22807017543859648,0.5,1.0
202412146025,2024-12-14,英冠,斯托克城,加的夫城,DRAW_V32_CORE,draw,draw,3.3,True,229.99999999999997,0.25,,3.3,3.5,0.0,0.16666666666666666,1.8333333333333333,0.4166666666666667,0.3333333333333333,1.3333333333333333
202412146022,2024-12-14,英冠,牛津联,谢周三,DRAW_V32_CORE,draw,draw,3.1,False,-100.0,-0.5,,3.1,3.45,0.16666666666666666,0.3333333333333333,0.8333333333333334,0.4,0.6,1.5
202412146015,2024-12-14,德甲,柏林联合,波鸿,DRAW_V32_CORE,draw,draw,3.6,True,260.0,0.75,4,3.6,3.35,0.0,0.3333333333333333,2.0,0.16666666666666666,0.6666666666666666,1.3333333333333335
202412146013,2024-12-14,意甲,卡利亚里,亚特兰大,HDRAW_V32_CORE,hdraw,handicap_draw,3.5,True,250.0,-1.0,9,3.95,3.5,0.16666666666666666,0.16666666666666666,1.1666666666666667,0.16216216216216217,0.6666666666666666,0.6666666666666666
202412146009,2024-12-14,英冠,布城,女王巡游,DRAW_V32_CORE,draw,draw,3.35,True,235.0,0.5,,3.35,3.3,0.0,0.0,0.5,0.2962962962962963,0.6666666666666666,1.5
202412146008,2024-12-14,英冠,考文垂,赫尔城,DRAW_V32_CORE,draw,draw,3.65,False,-100.0,0.75,8,3.65,3.35,0.16666666666666666,0.5,1.6666666666666667,0.25,0.5,1.1666666666666665
202412146001,2024-12-14,澳超,悉尼FC,西部联,HDRAW_V32_CORE,hdraw,handicap_draw,3.75,False,-100.0,1.25,6,4.52,3.75,0.0,0.3333333333333333,1.3333333333333333,0.23076923076923078,0.16666666666666666,0.6666666666666666
202412216030,2024-12-21,荷乙,芬洛,SBV精英,HDRAW_V32_CORE,hdraw,handicap_draw,3.7,False,-100.0,-1.0,15,4.15,3.7,0.0,0.0,0.3333333333333333,0.13043478260869565,0.5,1.1666666666666665
202412216025,2024-12-21,英冠,伯恩利,沃特福德,DRAW_V32_CORE,draw,draw,3.4,False,-100.0,0.75,4,3.4,3.28,0.3333333333333333,0.0,0.6666666666666666,0.3333333333333333,0.5,1.5
202412216024,2024-12-21,英冠,加的夫城,谢菲联,DRAW_V32_CORE,draw,draw,3.1,False,-100.0,-0.5,,3.1,3.85,0.0,0.0,0.6666666666666666,0.2857142857142857,0.5,1.0
202412216014,2024-12-21,德甲,不来梅,柏林联合,DRAW_V32_CORE,draw,draw,3.1,False,-100.0,0.25,,3.1,3.7,0.5,0.5,1.6666666666666667,0.1,0.5,1.1666666666666665
202412216013,2024-12-21,德甲,霍芬海姆,门兴,DRAW_V32_CORE,draw,draw,3.55,False,-100.0,0.25,,3.55,4.05,0.0,0.0,1.0,0.3611111111111111,0.3333333333333333,1.1666666666666665
202412216009,2024-12-21,英冠,谢周三,斯托克城,DRAW_V32_CORE,draw,draw,3.4,False,-100.0,0.5,8,3.4,3.5,0.16666666666666666,0.3333333333333333,1.5,0.5,0.6666666666666666,1.1666666666666665
202412220023,2024-12-22,荷乙,海牙,奥斯,HDRAW_V32_CORE,hdraw,handicap_draw,3.63,True,263.0,1.25,7,4.8,3.63,0.16666666666666666,0.0,1.8333333333333333,0.25,0.3333333333333333,0.6666666666666666
202412220014,2024-12-22,英超,富勒姆,南安普敦,HDRAW_V32_CORE,hdraw,handicap_draw,3.65,False,-100.0,1.0,10,4.1,3.65,0.0,0.5,2.8333333333333335,0.35,0.3333333333333333,0.8333333333333333
202412220002,2024-12-22,荷甲,鹿斯巴达,阿贾克斯,DRAW_V32_CORE,draw,draw,3.8,False,-100.0,-0.75,,3.8,3.75,0.0,0.16666666666666666,1.3333333333333333,0.125,0.6666666666666666,1.0
202412264012,2024-12-26,英冠,布城,卢顿,DRAW_V32_CORE,draw,draw,3.1,False,-100.0,0.5,,3.1,3.65,0.0,0.0,2.0,0.09090909090909091,0.6666666666666666,1.0
202412264006,2024-12-26,英超,切尔西,富勒姆,HDRAW_V32_CORE,hdraw,handicap_draw,3.7,False,-100.0,1.25,8,4.45,3.7,0.3333333333333333,0.0,1.5,0.32432432432432434,0.3333333333333333,0.6666666666666666
202412290014,2024-12-29,葡超,法伦斯,吉马良斯,DRAW_V32_CORE,draw,draw,3.35,True,235.0,-0.5,8,3.35,3.45,0.5,0.16666666666666666,1.1666666666666667,0.6,0.2,1.0
202412290011,2024-12-29,英冠,沃特福德,加的夫城,DRAW_V32_CORE,draw,draw,3.4,False,-100.0,0.75,,3.4,3.55,0.5,0.16666666666666666,2.1666666666666665,0.25,0.6666666666666666,1.0
202412290010,2024-12-29,英超,富勒姆,伯恩茅斯,DRAW_V32_CORE,draw,draw,3.35,True,235.0,0.25,3,3.35,3.9,0.16666666666666666,0.0,0.6666666666666666,0.4166666666666667,0.16666666666666666,1.0
202501046015,2025-01-04,英冠,布城,德比郡,DRAW_V32_CORE,draw,draw,3.2,False,-100.0,0.5,,3.2,3.2,0.16666666666666666,0.3333333333333333,1.3333333333333333,0.23076923076923078,0.6666666666666666,1.0
202501046012,2025-01-04,英超,伯恩茅斯,埃弗顿,DRAW_V32_CORE,draw,draw,3.7,False,-100.0,0.75,14,3.7,3.35,0.3333333333333333,0.0,1.1666666666666667,0.16666666666666666,0.5,1.1666666666666665
202501046007,2025-01-04,法乙,甘冈,敦刻尔克,DRAW_V32_CORE,draw,draw,3.15,True,215.0,0.25,,3.15,3.8,0.3333333333333333,0.0,0.5,0.16666666666666666,0.6666666666666666,1.0
202501046006,2025-01-04,法乙,梅斯,波城FC,DRAW_V32_CORE,draw,draw,3.36,True,236.0,0.75,,3.36,3.3,0.16666666666666666,0.16666666666666666,0.6666666666666666,0.5,0.5,1.3333333333333333
202501050008,2025-01-05,西国王杯,桑坦德,塞尔塔,DRAW_V32_CORE,draw,draw,3.5,False,-100.0,-0.5,,3.5,3.55,0.16666666666666666,0.16666666666666666,1.0,0.5,0.5,1.0
202501050006,2025-01-05,法甲,朗斯,图卢兹,DRAW_V32_CORE,draw,draw,3.2,False,-100.0,0.5,1,3.2,3.5,0.16666666666666666,0.0,1.0,0.3,0.5,1.1666666666666665
202501050001,2025-01-05,西国王杯,埃尔切,拉帕马斯,DRAW_V32_CORE,draw,draw,3.1,False,-100.0,0.5,,3.1,3.5,0.3333333333333333,0.16666666666666666,1.0,0.35,0.3333333333333333,1.0
202501072001,2025-01-07,澳超,墨尔本城,西部联,DRAW_V32_CORE,draw,draw,3.45,False,-100.0,0.25,5,3.45,4.0,0.0,0.0,1.3333333333333333,0.058823529411764705,0.6666666666666666,1.0
202501105001,2025-01-10,澳超,墨胜利,西部联,DRAW_V32_CORE,draw,draw,3.77,False,-100.0,0.75,,3.77,3.65,0.0,0.0,1.1666666666666667,0.17647058823529413,0.6666666666666666,1.0
202501116017,2025-01-11,英足总杯,桑德兰,斯托克城,DRAW_V32_CORE,draw,draw,3.45,True,245.00000000000003,0.5,15,3.45,3.65,0.6666666666666666,0.0,1.0,0.22580645161290322,0.6666666666666666,1.1666666666666667
202501116005,2025-01-11,英足总杯,米堡,布莱克本,DRAW_V32_CORE,draw,draw,3.2,False,-100.0,0.25,,3.2,3.85,0.3333333333333333,0.5,1.0,0.3409090909090909,0.8333333333333334,1.5
202501186011,2025-01-18,德甲,海登海姆,圣保利,DRAW_V32_CORE,draw,draw,3.13,False,-100.0,0.25,15,3.13,3.85,0.0,0.6666666666666666,1.3333333333333333,0.15789473684210525,0.5,1.1666666666666665
202501190008,2025-01-19,英超,埃弗顿,热刺,DRAW_V32_CORE,draw,draw,3.3,False,-100.0,0.0,,3.3,4.2,0.0,0.5,1.1666666666666667,0.4098360655737705,0.16666666666666666,1.5
202501190007,2025-01-19,英超,曼联,布赖顿,DRAW_V32_CORE,draw,draw,3.2,False,-100.0,0.25,,3.2,3.85,0.0,0.0,0.6666666666666666,0.05555555555555555,0.5,1.1666666666666665
202501190002,2025-01-19,意甲,佛罗伦萨,都灵,DRAW_V32_CORE,draw,draw,3.15,True,215.0,0.75,4,3.15,3.2,0.0,0.0,0.8333333333333334,0.35135135135135137,0.6666666666666666,1.1666666666666667
202501256013,2025-01-25,英超,伯恩茅斯,诺丁汉,DRAW_V32_CORE,draw,draw,3.35,False,-100.0,0.5,,3.35,3.65,0.16666666666666666,0.0,0.5,0.4,0.5,1.0
202501256004,2025-01-25,意甲,科莫,亚特兰大,DRAW_V32_CORE,draw,draw,3.45,False,-100.0,-0.5,7,3.45,3.55,0.0,0.16666666666666666,1.1666666666666667,0.0,0.5,1.3333333333333333
202501260007,2025-01-26,英超,水晶宫,布伦特,DRAW_V32_CORE,draw,draw,3.25,False,-100.0,0.5,,3.25,3.6,0.3333333333333333,0.16666666666666666,1.3333333333333333,0.7,0.16666666666666666,1.3333333333333335
202502086009,2025-02-08,英足总杯,埃弗顿,伯恩茅斯,DRAW_V32_CORE,draw,draw,3.25,False,-100.0,0.0,9,3.25,4.2,0.3333333333333333,0.0,1.0,0.15789473684210525,0.6666666666666666,1.0
202502086007,2025-02-08,德甲,美因茨,奥格斯堡,DRAW_V32_CORE,draw,draw,3.45,True,245.00000000000003,0.5,5,3.45,3.4,0.0,0.3333333333333333,0.6666666666666666,0.15625,0.8333333333333334,1.5
202502090002,2025-02-09,意甲,威尼斯,罗马,DRAW_V32_CORE,draw,draw,3.5,False,-100.0,-0.5,8,3.5,3.5,0.0,0.16666666666666666,1.1666666666666667,0.3333333333333333,0.6666666666666666,1.3333333333333335
202502123002,2025-02-12,国际赛,中国20,卡塔尔20,DRAW_V32_CORE,draw,draw,3.15,False,-100.0,0.5,,3.15,3.4,0.0,0.16666666666666666,1.5,1.0,0.0,1.0
202502145002,2025-02-14,日职,大阪钢巴,大阪樱花,DRAW_V32_CORE,draw,draw,3.2,False,-100.0,0.25,5,3.2,3.6,0.3333333333333333,0.16666666666666666,1.3333333333333333,0.26666666666666666,0.8333333333333334,1.0
202502156011,2025-02-15,英超,南安普敦,伯恩茅斯,HDRAW_V32_CORE,hdraw,handicap_draw,3.85,False,-100.0,-1.25,7,4.6,3.85,0.16666666666666666,0.0,1.0,0.22727272727272727,0.5,0.5
202502156009,2025-02-15,德甲,波鸿,多特蒙德,HDRAW_V32_CORE,hdraw,handicap_draw,3.5,False,-100.0,-1.0,10,4.1,3.5,0.16666666666666666,0.3333333333333333,1.3333333333333333,0.32,0.16666666666666666,0.5
202502156007,2025-02-15,意甲,亚特兰大,卡利亚里,HDRAW_V32_CORE,hdraw,handicap_draw,3.55,False,-100.0,1.0,12,4.3,3.55,0.16666666666666666,0.16666666666666666,1.3333333333333333,0.15789473684210525,0.8333333333333334,0.6666666666666666
202502156001,2025-02-15,日职,神户胜利,浦和红钻,DRAW_V32_CORE,draw,draw,3.42,True,242.0,0.5,,3.42,3.35,0.16666666666666666,0.16666666666666666,0.3333333333333333,0.16326530612244897,0.6666666666666666,1.1666666666666667
202502160002,2025-02-16,日乙,大分三神,札幌冈萨,DRAW_V32_CORE,draw,draw,3.15,False,-100.0,-0.25,,3.15,3.85,0.3333333333333333,0.0,1.5,0.47058823529411764,0.3333333333333333,1.1666666666666665
202502193003,2025-02-19,亚冠精英,上海海港,横滨水手,DRAW_V32_CORE,draw,draw,4.0,False,-100.0,0.0,8,4.0,4.6,0.16666666666666666,0.16666666666666666,1.0,0.0,1.0,1.0
202502226012,2025-02-22,英超,伯恩茅斯,狼队,HDRAW_V32_CORE,hdraw,handicap_draw,3.5,False,-100.0,1.0,10,4.0,3.5,0.0,0.3333333333333333,1.5,0.18181818181818182,0.6666666666666666,0.8333333333333333
202502226009,2025-02-22,德甲,门兴,奥格斯堡,DRAW_V32_CORE,draw,draw,3.55,False,-100.0,0.5,,3.55,3.6,0.3333333333333333,0.16666666666666666,0.5,0.2903225806451613,0.6666666666666666,1.0
202502230011,2025-02-23,法甲,南特,朗斯,DRAW_V32_CORE,draw,draw,3.22,False,-100.0,-0.25,7,3.22,3.56,0.16666666666666666,0.16666666666666666,1.1666666666666667,0.25,0.5,1.1666666666666665
202502230008,2025-02-23,荷甲,阿贾克斯,前进之鹰,HDRAW_V32_CORE,hdraw,handicap_draw,3.68,False,-100.0,1.25,11,4.6,3.68,0.3333333333333333,0.0,1.5,0.3333333333333333,0.3333333333333333,0.6666666666666666
202502230004,2025-02-23,韩职,全北现代,光州FC,DRAW_V32_CORE,draw,draw,3.2,True,220.00000000000003,0.25,4,3.2,3.45,0.6666666666666666,0.0,0.6666666666666666,0.21428571428571427,0.5,1.1666666666666667
202503016017,2025-03-01,英足总杯,伯恩茅斯,狼队,DRAW_V32_CORE,draw,draw,3.95,True,295.0,0.75,11,3.95,3.4,0.0,0.5,0.8333333333333334,0.16666666666666666,0.6666666666666666,1.1666666666666665
202503016015,2025-03-01,德甲,圣保利,多特蒙德,DRAW_V32_CORE,draw,draw,3.45,False,-100.0,-0.5,7,3.45,3.5,0.0,0.16666666666666666,0.8333333333333334,0.0,0.6666666666666666,1.1666666666666667
202503016005,2025-03-01,日职,川崎前锋,京都,DRAW_V32_CORE,draw,draw,3.45,False,-100.0,0.5,,3.45,3.8,0.16666666666666666,0.16666666666666666,0.8333333333333334,0.11764705882352941,0.5,1.3333333333333333
202503016004,2025-03-01,澳超,布里斯班,墨胜利,DRAW_V32_CORE,draw,draw,3.7,True,270.0,-0.75,,3.7,3.65,0.16666666666666666,0.16666666666666666,1.3333333333333333,0.23809523809523808,0.5,1.1666666666666665
202503016003,2025-03-01,韩职,蔚山现代,全北现代,DRAW_V32_CORE,draw,draw,3.25,False,-100.0,0.0,,3.25,4.05,0.3333333333333333,0.16666666666666666,0.8333333333333334,0.3372093023255814,0.5,1.0
202503020011,2025-03-02,意甲,博洛尼亚,卡利亚里,DRAW_V32_CORE,draw,draw,3.6,False,-100.0,0.75,6,3.6,3.2,0.5,0.3333333333333333,1.1666666666666667,0.22580645161290322,0.6666666666666666,1.1666666666666665
202503020010,2025-03-02,意甲,热那亚,恩波利,DRAW_V32_CORE,draw,draw,3.1,True,210.0,0.5,0,3.1,3.25,0.0,0.0,2.6666666666666665,0.42857142857142855,0.16666666666666666,1.1666666666666665
202503020003,2025-03-02,韩职,大田市民,水原FC,DRAW_V32_CORE,draw,draw,3.5,False,-100.0,0.5,1,3.5,3.4,0.5,0.3333333333333333,1.5,0.14814814814814814,0.6666666666666666,1.0
202503020001,2025-03-02,日职,新泻天鹅,大阪樱花,DRAW_V32_CORE,draw,draw,3.2,True,220.00000000000003,0.25,10,3.2,3.9,0.16666666666666666,0.3333333333333333,1.8333333333333333,0.25925925925925924,0.8333333333333334,1.0
202503086016,2025-03-08,德甲,沃夫斯堡,圣保利,DRAW_V32_CORE,draw,draw,3.4,True,240.0,0.5,,3.4,3.4,0.3333333333333333,0.16666666666666666,1.3333333333333333,0.5,0.0,1.5
202503086007,2025-03-08,德乙,柏林赫塔,沙尔克04,DRAW_V32_CORE,draw,draw,3.45,False,-100.0,0.5,1,3.45,3.65,0.0,0.16666666666666666,1.6666666666666667,0.18421052631578946,0.5,1.0
202503086001,2025-03-08,日乙,大宫松鼠,山口雷诺,DRAW_V32_CORE,draw,draw,4.0,False,-100.0,0.75,,4.0,3.1,0.3333333333333333,0.16666666666666666,0.6666666666666666,0.16666666666666666,1.0,1.1666666666666667
202503090011,2025-03-09,英超,热刺,伯恩茅斯,DRAW_V32_CORE,draw,draw,3.65,True,265.0,-0.25,,3.65,4.4,0.16666666666666666,0.3333333333333333,1.1666666666666667,0.11764705882352941,0.5,1.1666666666666665
202503090009,2025-03-09,荷甲,兹沃勒,阿贾克斯,HDRAW_V32_CORE,hdraw,handicap_draw,3.6,True,260.0,-1.0,9,4.1,3.6,0.0,0.16666666666666666,0.6666666666666666,0.14814814814814814,0.16666666666666666,1.0
202503090007,2025-03-09,意甲,维罗纳,博洛尼亚,DRAW_V32_CORE,draw,draw,3.4,False,-100.0,-0.75,7,3.4,3.15,0.3333333333333333,0.0,1.0,0.25,0.5,1.3333333333333335
202503090003,2025-03-09,韩职,蔚山现代,济州SK,DRAW_V32_CORE,draw,draw,3.85,False,-100.0,0.75,,3.85,3.1,0.3333333333333333,0.3333333333333333,1.1666666666666667,0.25806451612903225,0.5,1.3333333333333335
202503090002,2025-03-09,日乙,富山胜利,磐田喜悦,DRAW_V32_CORE,draw,draw,3.1,False,-100.0,-0.25,11,3.1,3.55,0.3333333333333333,0.16666666666666666,1.1666666666666667,0.0,0.6666666666666666,1.1666666666666665
202503156023,2025-03-15,葡超,法伦斯,布拉加,DRAW_V32_CORE,draw,draw,3.2,False,-100.0,-0.25,11,3.2,3.45,0.0,0.3333333333333333,0.5,0.25,0.5,1.3333333333333335
202503156020,2025-03-15,英冠,斯旺西,伯恩利,DRAW_V32_CORE,draw,draw,3.15,False,-100.0,-0.25,11,3.15,3.25,0.16666666666666666,0.0,0.8333333333333334,0.07692307692307693,0.6666666666666666,1.0
202503156016,2025-03-15,英超,伊普斯,诺丁汉,DRAW_V32_CORE,draw,draw,3.42,False,-100.0,-0.5,,3.42,3.6,0.0,0.3333333333333333,1.5,0.35714285714285715,0.3333333333333333,1.0
202503156007,2025-03-15,澳超,珀斯,布里斯班,DRAW_V32_CORE,draw,draw,3.5,False,-100.0,0.0,,3.5,4.3,0.0,0.16666666666666666,1.6666666666666667,0.1896551724137931,0.8333333333333334,1.3333333333333333
202503160019,2025-03-16,荷甲,阿贾克斯,阿尔克马,DRAW_V32_CORE,draw,draw,3.3,True,229.99999999999997,0.5,,3.3,3.55,0.3333333333333333,0.0,1.6666666666666667,0.24074074074074073,0.5,1.0
202503160004,2025-03-16,日职,湘南海洋,神户胜利,DRAW_V32_CORE,draw,draw,3.18,False,-100.0,-0.25,,3.18,4.3,0.5,0.16666666666666666,1.6666666666666667,0.32142857142857145,0.5,1.1666666666666665
202503160001,2025-03-16,日职,广岛三箭,柏太阳神,DRAW_V32_CORE,draw,draw,3.26,True,225.99999999999997,0.5,13,3.26,3.48,0.3333333333333333,0.0,0.8333333333333334,0.325,0.6666666666666666,1.1666666666666665
202503230003,2025-03-23,日乙,大宫松鼠,水户蜀葵,DRAW_V32_CORE,draw,draw,3.5,False,-100.0,0.75,,3.5,3.3,0.5,0.16666666666666666,1.1666666666666667,0.125,0.5,1.0
202503263007,2025-03-26,日联赛杯,大宫松鼠,磐城FC,DRAW_V32_CORE,draw,draw,3.8,True,280.0,0.75,,3.8,3.25,0.5,0.16666666666666666,1.1666666666666667,0.0,0.5,1.5
202503263005,2025-03-26,日联赛杯,水户蜀葵,熊本深红,DRAW_V32_CORE,draw,draw,3.1,False,-100.0,0.0,5,3.1,4.4,0.16666666666666666,0.16666666666666666,1.6666666666666667,0.375,0.3333333333333333,1.0
202503285001,2025-03-28,日职,大阪樱花,浦和红钻,DRAW_V32_CORE,draw,draw,3.25,True,225.0,-0.25,5,3.25,3.75,0.0,0.16666666666666666,1.0,0.2222222222222222,0.5,1.1666666666666667
202503296020,2025-03-29,英冠,伯恩利,布城,DRAW_V32_CORE,draw,draw,3.4,False,-100.0,0.75,,3.4,3.08,0.16666666666666666,0.0,0.8333333333333334,0.1875,0.6666666666666666,1.0
202503296013,2025-03-29,意甲,威尼斯,博洛尼亚,DRAW_V32_CORE,draw,draw,3.47,False,-100.0,-0.75,11,3.47,3.2,0.0,0.0,1.1666666666666667,0.0,0.6666666666666666,1.0
202503296012,2025-03-29,意甲,科莫,恩波利,DRAW_V32_CORE,draw,draw,3.55,True,254.99999999999997,0.75,0,3.55,3.2,0.16666666666666666,0.3333333333333333,2.0,0.0,1.0,1.0
202503296011,2025-03-29,法乙,格勒诺布,洛里昂,DRAW_V32_CORE,draw,draw,3.8,False,-100.0,-0.75,,3.8,3.2,0.0,0.3333333333333333,1.0,0.15384615384615385,0.6666666666666666,1.0
202503296006,2025-03-29,日职,东京FC,川崎前锋,DRAW_V32_CORE,draw,draw,3.3,False,-100.0,-0.5,,3.3,3.4,0.16666666666666666,0.3333333333333333,0.6666666666666666,0.16279069767441862,0.6666666666666666,1.5
202503296003,2025-03-29,韩职,首尔FC,大邱FC,DRAW_V32_CORE,draw,draw,3.28,False,-100.0,0.5,,3.28,3.28,0.3333333333333333,0.3333333333333333,1.0,0.37254901960784315,0.3333333333333333,1.0
202503300024,2025-03-30,法甲,欧塞尔,蒙彼利埃,DRAW_V32_CORE,draw,draw,3.65,False,-100.0,0.5,7,3.65,3.5,0.0,0.16666666666666666,2.5,0.16666666666666666,0.6666666666666666,1.1666666666666665
202503300008,2025-03-30,意甲,卡利亚里,蒙扎,DRAW_V32_CORE,draw,draw,3.4,False,-100.0,0.75,5,3.4,3.15,0.16666666666666666,0.16666666666666666,2.5,0.3333333333333333,0.6666666666666666,1.1666666666666665
202503300007,2025-03-30,荷甲,乌德勒支,海伦芬,DRAW_V32_CORE,draw,draw,3.55,False,-100.0,0.5,10,3.55,3.5,0.3333333333333333,0.16666666666666666,1.6666666666666667,0.19607843137254902,0.6666666666666666,1.0
202503300006,2025-03-30,韩职,金泉尚武,江原FC,DRAW_V32_CORE,draw,draw,3.25,False,-100.0,0.5,2,3.25,3.2,0.16666666666666666,0.3333333333333333,0.6666666666666666,0.10810810810810811,1.0,1.0
202503300002,2025-03-30,日乙,熊本深红,鸟栖沙岩,DRAW_V32_CORE,draw,draw,3.2,False,-100.0,0.0,5,3.2,4.05,0.16666666666666666,0.16666666666666666,1.0,0.4,0.5,1.3333333333333335
202504056017,2025-04-05,英冠,布城,沃特福德,DRAW_V32_CORE,draw,draw,3.25,False,-100.0,0.5,,3.25,3.35,0.3333333333333333,0.3333333333333333,0.5,0.4166666666666667,0.16666666666666666,1.5
202504056012,2025-04-05,德甲,海登海姆,勒沃库森,HDRAW_V32_CORE,hdraw,handicap_draw,3.66,True,266.0,-1.0,13,4.3,3.66,0.16666666666666666,0.16666666666666666,2.1666666666666665,0.0,0.5,0.6666666666666666
202504056009,2025-04-05,西甲,赫罗纳,阿拉维斯,DRAW_V32_CORE,draw,draw,3.13,False,-100.0,0.5,3,3.13,3.4,0.16666666666666666,0.16666666666666666,1.5,0.3333333333333333,0.5,1.1666666666666665
202504056001,2025-04-05,日乙,大宫松鼠,大分三神,DRAW_V32_CORE,draw,draw,3.1,True,210.0,0.5,,3.1,3.3,0.16666666666666666,0.16666666666666666,1.1666666666666667,0.20833333333333334,0.5,1.3333333333333335
202504060023,2025-04-06,德甲,柏林联合,沃夫斯堡,DRAW_V32_CORE,draw,draw,3.15,False,-100.0,0.25,,3.15,3.75,0.3333333333333333,0.5,1.0,0.26666666666666666,0.6666666666666666,1.1666666666666667
202504060022,2025-04-06,英超,曼联,曼城,DRAW_V32_CORE,draw,draw,3.45,True,245.00000000000003,-0.25,,3.45,3.75,0.0,0.16666666666666666,0.8333333333333334,0.14285714285714285,0.5,1.1666666666666665
202504060021,2025-04-06,法甲,兰斯,斯特拉斯,DRAW_V32_CORE,draw,draw,3.3,False,-100.0,-0.25,,3.3,3.55,0.16666666666666666,0.0,0.5,0.38095238095238093,0.16666666666666666,1.1666666666666665
202504060011,2025-04-06,英超,富勒姆,利物浦,DRAW_V32_CORE,draw,draw,3.4,False,-100.0,-0.5,7,3.4,3.45,0.16666666666666666,0.3333333333333333,0.6666666666666666,0.21621621621621623,0.5,1.0
202504060003,2025-04-06,日职,广岛三箭,大阪樱花,DRAW_V32_CORE,draw,draw,3.8,False,-100.0,0.75,1,3.8,3.3,0.3333333333333333,0.0,1.3333333333333333,0.17073170731707318,0.5,1.3333333333333335
202504093006,2025-04-09,韩职,光州FC,大邱FC,DRAW_V32_CORE,draw,draw,3.3,False,-100.0,0.5,1,3.3,3.15,0.16666666666666666,0.5,1.5,0.2857142857142857,0.5,1.3333333333333335
202504093002,2025-04-09,日联赛杯,长崎航海,湘南海洋,DRAW_V32_CORE,draw,draw,3.28,True,227.99999999999997,0.0,,3.28,3.95,0.16666666666666666,0.16666666666666666,1.3333333333333333,0.18181818181818182,0.5,1.0
202504093001,2025-04-09,日职,川崎前锋,横滨水手,DRAW_V32_CORE,draw,draw,3.35,True,235.0,0.5,6,3.35,3.5,0.0,0.16666666666666666,0.6666666666666666,0.21568627450980393,0.5,1.3333333333333335
202504126016,2025-04-12,英冠,西布罗姆,沃特福德,DRAW_V32_CORE,draw,draw,3.25,False,-100.0,0.5,,3.25,3.28,0.16666666666666666,0.5,0.8333333333333334,0.4444444444444444,0.3333333333333333,1.5
202504126011,2025-04-12,德甲,勒沃库森,柏林联合,HDRAW_V32_CORE,hdraw,handicap_draw,3.6,False,-100.0,1.25,8,4.8,3.6,0.3333333333333333,0.16666666666666666,1.6666666666666667,0.3076923076923077,0.3333333333333333,1.0
202504126008,2025-04-12,意甲,威尼斯,蒙扎,DRAW_V32_CORE,draw,draw,3.3,False,-100.0,0.75,3,3.3,3.16,0.0,0.16666666666666666,2.6666666666666665,0.4,0.5,1.1666666666666667
202504126003,2025-04-12,澳超,悉尼FC,奥克兰FC,DRAW_V32_CORE,draw,draw,3.34,True,234.0,0.25,2,3.34,4.2,0.3333333333333333,0.0,1.5,0.0,1.0,1.0
202504130020,2025-04-13,德甲,法兰克福,海登海姆,DRAW_V32_CORE,draw,draw,3.85,False,-100.0,0.75,13,3.85,3.53,0.16666666666666666,0.16666666666666666,1.3333333333333333,0.2,0.4,1.1666666666666665
202504130009,2025-04-13,英超,狼队,热刺,DRAW_V32_CORE,draw,draw,3.27,False,-100.0,0.25,,3.27,3.95,0.5,0.16666666666666666,1.3333333333333333,0.22727272727272727,0.6666666666666666,1.0
202504130005,2025-04-13,意甲,亚特兰大,博洛尼亚,DRAW_V32_CORE,draw,draw,3.35,False,-100.0,0.5,4,3.35,3.35,0.0,0.0,0.5,0.20588235294117646,0.6666666666666666,1.0
202504130004,2025-04-13,韩职,全北现代,济州SK,DRAW_V32_CORE,draw,draw,3.55,True,254.99999999999997,0.75,3,3.55,3.17,0.16666666666666666,0.3333333333333333,1.5,0.24193548387096775,0.5,1.3333333333333333
202504130003,2025-04-13,韩职,大邱FC,蔚山现代,DRAW_V32_CORE,draw,draw,3.5,False,-100.0,-0.5,,3.5,3.3,0.0,0.3333333333333333,0.8333333333333334,0.19642857142857142,0.5,1.3333333333333335
202504185003,2025-04-18,英冠,沃特福德,伯恩利,DRAW_V32_CORE,draw,draw,3.4,False,-100.0,-0.75,7,3.4,3.1,0.3333333333333333,0.0,0.5,0.3225806451612903,0.6666666666666666,1.3333333333333333
202504196006,2025-04-19,德甲,弗赖堡,霍芬海姆,DRAW_V32_CORE,draw,draw,3.7,False,-100.0,0.5,7,3.7,3.35,0.16666666666666666,0.16666666666666666,1.0,0.35294117647058826,0.6666666666666666,1.0
202504200016,2025-04-20,法甲,布雷斯特,朗斯,DRAW_V32_CORE,draw,draw,3.1,False,-100.0,0.0,1,3.1,3.85,0.16666666666666666,0.3333333333333333,1.1666666666666667,0.2,0.5,1.1666666666666667
202504200015,2025-04-20,法甲,尼斯,昂热,HDRAW_V32_CORE,hdraw,handicap_draw,3.5,True,250.0,1.25,11,4.85,3.5,0.0,0.16666666666666666,2.0,0.3333333333333333,0.5,1.0
202504200003,2025-04-20,日职,大阪樱花,东京FC,DRAW_V32_CORE,draw,draw,3.6,True,260.0,0.75,,3.6,3.15,0.3333333333333333,0.16666666666666666,1.3333333333333333,0.3157894736842105,0.5,1.0
202504200002,2025-04-20,日职,名古屋鲸,广岛三箭,DRAW_V32_CORE,draw,draw,3.22,False,-100.0,-0.5,,3.22,3.2,0.16666666666666666,0.3333333333333333,0.8333333333333334,0.2765957446808511,0.8333333333333334,1.5
202504266015,2025-04-26,葡超,圣克拉拉,阿罗卡,DRAW_V32_CORE,draw,draw,3.16,False,-100.0,0.75,12,3.16,3.05,0.3333333333333333,0.3333333333333333,1.1666666666666667,0.2777777777777778,0.8333333333333334,1.5
202504266013,2025-04-26,英冠,加的夫城,西布罗姆,DRAW_V32_CORE,draw,draw,3.1,True,210.0,0.25,,3.1,3.8,0.0,0.5,1.6666666666666667,0.45454545454545453,0.16666666666666666,1.3333333333333335
202504270013,2025-04-27,意甲,国际米兰,罗马,DRAW_V32_CORE,draw,draw,3.5,False,-100.0,0.75,8,3.5,3.1,0.16666666666666666,0.0,0.8333333333333334,0.3225806451612903,0.5,1.0
202504270002,2025-04-27,荷甲,福图纳,威廉二世,DRAW_V32_CORE,draw,draw,3.45,False,-100.0,0.75,,3.45,3.15,0.3333333333333333,0.5,2.5,0.3125,0.5,1.0
202504292001,2025-04-29,日职,大阪钢巴,京都,DRAW_V32_CORE,draw,draw,3.28,False,-100.0,0.25,,3.28,3.6,0.0,0.16666666666666666,1.1666666666666667,0.3684210526315789,0.5,1.1666666666666667
202505036020,2025-05-03,葡超,葡国民,吉马良斯,DRAW_V32_CORE,draw,draw,3.26,False,-100.0,-0.5,,3.26,3.25,0.16666666666666666,0.0,0.8333333333333334,0.23529411764705882,0.5,1.1666666666666665
202505036016,2025-05-03,德甲,柏林联合,不来梅,DRAW_V32_CORE,draw,draw,3.2,True,220.00000000000003,-0.25,,3.2,4.65,0.3333333333333333,0.0,0.8333333333333334,0.09090909090909091,0.5,1.1666666666666665
202505036015,2025-05-03,德甲,门兴,霍芬海姆,DRAW_V32_CORE,draw,draw,3.75,True,275.0,0.25,,3.75,4.1,0.16666666666666666,0.5,1.8333333333333333,0.35135135135135137,0.5,1.0
202505036012,2025-05-03,意甲,帕尔马,科莫,DRAW_V32_CORE,draw,draw,3.1,False,-100.0,-0.25,1,3.1,3.8,0.16666666666666666,0.16666666666666666,0.6666666666666666,0.42857142857142855,0.5,1.1666666666666665
202505036009,2025-05-03,英冠,谢菲联,布莱克本,DRAW_V32_CORE,draw,draw,3.3,True,229.99999999999997,0.0,,3.3,4.2,0.0,0.0,1.0,0.09090909090909091,0.5,1.1666666666666665
202505040015,2025-05-04,德甲,奥格斯堡,基尔,DRAW_V32_CORE,draw,draw,3.55,False,-100.0,0.5,,3.55,3.5,0.3333333333333333,0.16666666666666666,2.0,0.0,0.5,1.0
202505051001,2025-05-05,韩职,蔚山现代,浦项制铁,DRAW_V32_CORE,draw,draw,3.45,True,245.00000000000003,0.75,,3.45,3.15,0.3333333333333333,0.16666666666666666,1.0,0.2972972972972973,0.6666666666666666,1.3333333333333333
202505073001,2025-05-07,日职,湘南海洋,广岛三箭,DRAW_V32_CORE,draw,draw,3.15,False,-100.0,-0.5,10,3.15,3.3,0.16666666666666666,0.6666666666666666,1.1666666666666667,0.25925925925925924,0.6666666666666666,1.3333333333333335
202505110006,2025-05-11,瑞超,哈马比,北雪平,HDRAW_V32_CORE,hdraw,handicap_draw,3.62,False,-100.0,1.25,8,4.7,3.62,0.0,0.3333333333333333,2.0,0.1875,0.3333333333333333,1.0
202505110001,2025-05-11,日职,鹿岛鹿角,川崎前锋,DRAW_V32_CORE,draw,draw,3.3,False,-100.0,0.0,9,3.3,3.95,0.6666666666666666,0.16666666666666666,1.5,0.19642857142857142,0.5,1.1666666666666665
202505176007,2025-05-17,德甲,美因茨,勒沃库森,DRAW_V32_CORE,draw,draw,3.8,True,280.0,0.25,5,3.8,4.25,0.0,0.0,1.1666666666666667,0.15789473684210525,0.6666666666666666,1.1666666666666665
202505176003,2025-05-17,澳超,墨胜利,奥克兰FC,DRAW_V32_CORE,draw,draw,3.19,False,-100.0,0.0,,3.19,4.15,0.5,0.0,1.1666666666666667,0.5,0.0,1.0
202505176001,2025-05-17,日职,神户胜利,大阪钢巴,DRAW_V32_CORE,draw,draw,3.3,False,-100.0,0.5,,3.3,3.2,0.5,0.16666666666666666,1.0,0.26,0.6666666666666666,1.1666666666666665
202505180017,2025-05-18,瑞超,厄斯特什,盖斯,DRAW_V32_CORE,draw,draw,3.35,True,235.0,-0.5,,3.35,3.45,0.16666666666666666,0.0,1.0,0.4166666666666667,0.8333333333333334,1.6666666666666667
202505180016,2025-05-18,英超,布伦特,富勒姆,DRAW_V32_CORE,draw,draw,3.65,False,-100.0,0.5,,3.65,3.7,0.3333333333333333,0.5,1.6666666666666667,0.25,0.6666666666666666,1.0
202505180009,2025-05-18,荷甲,瓦尔韦克,前进之鹰,DRAW_V32_CORE,draw,draw,4.0,False,-100.0,0.25,10,4.0,4.45,0.0,0.0,1.0,0.3076923076923077,0.5,1.1666666666666667
202505180003,2025-05-18,日乙,爱媛FC,德岛漩涡,DRAW_V32_CORE,draw,draw,3.15,False,-100.0,-0.5,,3.15,3.06,0.16666666666666666,0.3333333333333333,0.3333333333333333,0.2,0.5,1.5
202505235002,2025-05-23,韩职,济州SK,全北现代,DRAW_V32_CORE,draw,draw,3.2,True,220.00000000000003,-0.25,5,3.2,3.4,0.0,0.0,0.6666666666666666,0.25396825396825395,0.5,1.0
202505246005,2025-05-24,瑞超,韦纳穆,厄斯特什,DRAW_V32_CORE,draw,draw,3.25,True,225.0,0.5,,3.25,3.5,0.0,0.3333333333333333,1.3333333333333333,0.18181818181818182,0.5,1.1666666666666667
202505246002,2025-05-24,日职,大阪樱花,福冈黄蜂,DRAW_V32_CORE,draw,draw,3.15,False,-100.0,0.25,2,3.15,3.5,0.3333333333333333,0.5,1.0,0.3076923076923077,0.5,1.0
202505250016,2025-05-25,英超,曼联,维拉,DRAW_V32_CORE,draw,draw,4.35,False,-100.0,-0.75,,4.35,3.35,0.0,0.16666666666666666,1.0,0.22950819672131148,0.5,1.0
202505250014,2025-05-25,英超,热刺,布赖顿,DRAW_V32_CORE,draw,draw,3.95,False,-100.0,-0.5,,3.95,4.0,0.16666666666666666,0.0,1.8333333333333333,0.05263157894736842,0.8333333333333334,1.1666666666666667
202505250011,2025-05-25,瑞超,佐加顿斯,赫根,DRAW_V32_CORE,draw,draw,3.45,True,245.00000000000003,0.5,,3.45,3.8,0.16666666666666666,0.16666666666666666,1.6666666666666667,0.175,0.5,1.0
202505250009,2025-05-25,西甲,比利亚雷,塞维利亚,DRAW_V32_CORE,draw,draw,4.0,False,-100.0,0.75,,4.0,3.8,0.5,0.3333333333333333,1.5,0.30612244897959184,0.5,1.0
202505250005,2025-05-25,西甲,赫罗纳,马竞,DRAW_V32_CORE,draw,draw,3.6,False,-100.0,-0.25,,3.6,3.75,0.3333333333333333,0.16666666666666666,0.6666666666666666,0.45454545454545453,0.5,1.1666666666666665
202505283001,2025-05-28,日职,浦和红钻,大阪樱花,DRAW_V32_CORE,draw,draw,3.4,True,240.0,0.25,14,3.4,3.75,0.16666666666666666,0.0,1.0,0.2391304347826087,0.5,1.0
202505316016,2025-05-31,瑞超,北雪平,盖斯,DRAW_V32_CORE,draw,draw,3.45,False,-100.0,-0.5,,3.45,3.75,0.16666666666666666,0.0,1.1666666666666667,0.15789473684210525,0.6666666666666666,1.1666666666666665
202505316015,2025-05-31,瑞超,代格福什,厄斯特什,DRAW_V32_CORE,draw,draw,3.6,False,-100.0,0.25,,3.6,3.32,0.16666666666666666,0.16666666666666666,1.3333333333333333,0.391304347826087,0.16666666666666666,1.1666666666666667
202505316005,2025-05-31,日乙,大宫松鼠,磐田喜悦,DRAW_V32_CORE,draw,draw,3.45,True,245.00000000000003,0.5,,3.45,3.37,0.3333333333333333,0.0,1.1666666666666667,0.23684210526315788,0.6666666666666666,1.0
202505316004,2025-05-31,日乙,水户蜀葵,长崎航海,DRAW_V32_CORE,draw,draw,3.2,False,-100.0,0.25,,3.2,3.92,0.5,0.0,1.0,0.3181818181818182,0.6666666666666666,1.0
202505316003,2025-05-31,日乙,鸟栖沙岩,爱媛FC,DRAW_V32_CORE,draw,draw,3.5,True,250.0,0.75,,3.5,3.1,0.5,0.0,1.6666666666666667,0.2222222222222222,0.5,1.3333333333333333
202505316001,2025-05-31,日职,名古屋鲸,新泻天鹅,DRAW_V32_CORE,draw,draw,3.1,False,-100.0,0.25,,3.1,3.3,0.16666666666666666,0.3333333333333333,1.5,0.2894736842105263,0.5,1.0
202506010010,2025-06-01,挪超,腓特烈,萨普斯堡,DRAW_V32_CORE,draw,draw,3.18,True,218.00000000000003,0.25,,3.18,3.78,0.3333333333333333,0.16666666666666666,0.8333333333333334,0.19047619047619047,0.5,1.0
202506010006,2025-06-01,韩职,浦项制铁,江原FC,DRAW_V32_CORE,draw,draw,3.1,False,-100.0,0.25,5,3.1,3.45,0.0,0.0,1.5,0.28205128205128205,0.5,1.0
202506010005,2025-06-01,韩职,金泉尚武,水原FC,DRAW_V32_CORE,draw,draw,3.7,True,270.0,0.75,7,3.7,3.28,0.0,0.16666666666666666,1.0,0.3181818181818182,0.5,1.3333333333333333
202506043004,2025-06-04,日联赛杯,福冈黄蜂,广岛三箭,DRAW_V32_CORE,draw,draw,3.15,False,-100.0,-0.5,2,3.15,3.05,0.16666666666666666,0.16666666666666666,0.6666666666666666,0.2857142857142857,0.5,1.1666666666666667
202506043001,2025-06-04,日联赛杯,湘南海洋,磐田喜悦,DRAW_V32_CORE,draw,draw,3.45,False,-100.0,0.75,0,3.45,3.2,0.16666666666666666,0.0,1.0,0.25,0.6666666666666666,1.5
202506054002,2025-06-05,世预赛,印尼,中国,DRAW_V32_CORE,draw,draw,4.23,False,-100.0,0.75,,4.23,3.45,0.3333333333333333,0.16666666666666666,1.3333333333333333,0.25,0.5,1.1666666666666665
202506080003,2025-06-08,日联赛杯,磐田喜悦,湘南海洋,DRAW_V32_CORE,draw,draw,3.3,False,-100.0,0.0,10,3.3,4.1,0.16666666666666666,0.3333333333333333,0.6666666666666666,0.24,0.6666666666666666,1.6666666666666667
202506080002,2025-06-08,日乙,大宫松鼠,爱媛FC,DRAW_V32_CORE,draw,draw,3.9,True,290.0,0.75,,3.9,3.4,0.3333333333333333,0.0,1.3333333333333333,0.3333333333333333,0.5,1.0
202506102005,2025-06-10,世预赛,乌兹别克,卡塔尔,DRAW_V32_CORE,draw,draw,3.7,False,-100.0,0.75,,3.7,3.2,0.3333333333333333,0.16666666666666666,1.3333333333333333,0.07142857142857142,0.5,1.1666666666666665
202506113003,2025-06-11,日天皇杯,千叶市原,熊本深红,DRAW_V32_CORE,draw,draw,3.8,True,280.0,0.75,10,3.8,3.12,0.16666666666666666,0.6666666666666666,2.1666666666666665,0.3076923076923077,0.5,1.1666666666666667
202506146005,2025-06-14,韩职,金泉尚武,浦项制铁,DRAW_V32_CORE,draw,draw,3.32,False,-100.0,0.25,2,3.32,4.1,0.0,0.3333333333333333,0.8333333333333334,0.1836734693877551,0.5,1.1666666666666665
202506172002,2025-06-17,韩职,全北现代,水原FC,DRAW_V32_CORE,draw,draw,3.7,False,-100.0,0.75,11,3.7,3.25,0.16666666666666666,0.3333333333333333,1.0,0.2222222222222222,0.5,1.0
202506183002,2025-06-18,韩职,大田市民,金泉尚武,DRAW_V32_CORE,draw,draw,3.25,True,225.0,0.0,0,3.25,4.2,0.16666666666666666,0.3333333333333333,1.1666666666666667,0.40540540540540543,0.16666666666666666,1.1666666666666667
202506216015,2025-06-21,韩职,全北现代,首尔FC,DRAW_V32_CORE,draw,draw,3.1,True,210.0,0.0,,3.1,3.95,0.16666666666666666,0.0,1.0,0.3,0.5,1.0
202506216014,2025-06-21,韩职,江原FC,大邱FC,DRAW_V32_CORE,draw,draw,3.25,False,-100.0,0.5,3,3.25,3.3,0.16666666666666666,0.5,1.8333333333333333,0.25925925925925924,0.5,1.0
202506216012,2025-06-21,日乙,千叶市原,磐田喜悦,DRAW_V32_CORE,draw,draw,3.28,False,-100.0,0.0,2,3.28,3.95,0.16666666666666666,0.16666666666666666,1.1666666666666667,0.25925925925925924,0.8333333333333334,1.3333333333333335
202506216011,2025-06-21,日乙,大宫松鼠,鸟栖沙岩,DRAW_V32_CORE,draw,draw,3.4,True,240.0,0.5,,3.4,3.22,0.16666666666666666,0.16666666666666666,0.8333333333333334,0.45454545454545453,0.3333333333333333,1.0
202506216007,2025-06-21,日职,横滨水手,冈山绿雉,DRAW_V32_CORE,draw,draw,3.4,False,-100.0,0.25,11,3.4,3.6,0.0,0.16666666666666666,1.5,0.0,1.0,1.0
202506220008,2025-06-22,挪超,奥斯KFUM,斯特罗姆,DRAW_V32_CORE,draw,draw,3.6,False,-100.0,0.5,,3.6,3.4,0.16666666666666666,0.3333333333333333,2.1666666666666665,0.0,0.6666666666666666,1.1666666666666667
202506275003,2025-06-27,芬超,赫尔火花,国际图尔,DRAW_V32_CORE,draw,draw,3.65,True,265.0,-0.75,,3.65,3.35,0.16666666666666666,0.0,0.6666666666666666,0.25,0.5,1.0
202506275002,2025-06-27,韩职,金泉尚武,全北现代,DRAW_V32_CORE,draw,draw,3.36,False,-100.0,-0.25,2,3.36,3.56,0.3333333333333333,0.0,0.6666666666666666,0.2857142857142857,0.5,1.1666666666666667
202506286005,2025-06-28,日乙,甲府风林,爱媛FC,DRAW_V32_CORE,draw,draw,3.6,True,260.0,0.5,,3.6,2.85,0.3333333333333333,0.16666666666666666,1.3333333333333333,0.2727272727272727,0.6666666666666666,1.1666666666666665
202506286002,2025-06-28,日乙,富山胜利,千叶市原,DRAW_V32_CORE,draw,draw,3.45,False,-100.0,-0.5,18,3.45,3.35,0.3333333333333333,0.3333333333333333,1.0,0.25,0.5,1.3333333333333335
202506290011,2025-06-29,挪超,莫尔德,奥斯KFUM,DRAW_V32_CORE,draw,draw,3.3,False,-100.0,0.5,,3.3,3.45,0.16666666666666666,0.16666666666666666,0.6666666666666666,0.3333333333333333,0.6666666666666666,1.0
202506290008,2025-06-29,瑞超,赫根,盖斯,DRAW_V32_CORE,draw,draw,3.13,False,-100.0,-0.25,,3.13,4.7,0.16666666666666666,0.0,0.6666666666666666,0.2,0.5,1.1666666666666665
202507056011,2025-07-05,瑞超,盖斯,马尔默,DRAW_V32_CORE,draw,draw,3.25,True,225.0,-0.25,,3.25,3.95,0.16666666666666666,0.16666666666666666,0.3333333333333333,0.42105263157894735,0.5,1.0
202507056010,2025-07-05,瑞超,厄斯特什,米亚尔比,DRAW_V32_CORE,draw,draw,4.15,False,-100.0,-0.75,,4.15,3.08,0.3333333333333333,0.0,0.5,0.47368421052631576,0.5,1.3333333333333335
202507060005,2025-07-06,挪超,奥斯KFUM,布莱尼,DRAW_V32_CORE,draw,draw,3.4,True,240.0,0.75,,3.4,3.18,0.3333333333333333,0.0,1.5,0.2727272727272727,0.6666666666666666,1.3333333333333333
202507093002,2025-07-09,女东亚锦,韩国女,中国女,DRAW_V32_CORE,draw,draw,3.25,True,225.0,-0.5,,3.25,6.1,0.0,0.0,1.1666666666666667,0.2857142857142857,0.5,1.0
202507126007,2025-07-12,日乙,磐田喜悦,札幌冈萨,DRAW_V32_CORE,draw,draw,3.45,False,-100.0,0.5,,3.45,3.95,0.3333333333333333,0.0,1.3333333333333333,0.14285714285714285,0.5,1.0
202507130012,2025-07-13,挪超,海于格松,奥斯KFUM,DRAW_V32_CORE,draw,draw,3.35,False,-100.0,-0.5,,3.35,3.18,0.0,0.0,1.0,0.5,0.5,1.1666666666666665
202507130009,2025-07-13,挪超,斯特罗姆,特罗姆瑟,DRAW_V32_CORE,draw,draw,3.75,False,-100.0,-0.5,,3.75,3.57,0.0,0.16666666666666666,0.5,0.18181818181818182,0.8333333333333334,1.1666666666666665
202507130008,2025-07-13,瑞超,韦纳穆,佐加顿斯,DRAW_V32_CORE,draw,draw,3.8,False,-100.0,-0.75,,3.8,3.1,0.16666666666666666,0.16666666666666666,1.3333333333333333,0.2857142857142857,0.5,1.3333333333333333
202507130005,2025-07-13,挪超,布莱尼,瓦勒伦加,DRAW_V32_CORE,draw,draw,3.25,False,-100.0,0.0,11,3.25,4.2,0.3333333333333333,0.3333333333333333,1.1666666666666667,0.3333333333333333,0.6666666666666666,1.1666666666666665
202507130003,2025-07-13,瑞超,盖斯,哈马比,DRAW_V32_CORE,draw,draw,3.23,False,-100.0,0.25,,3.23,4.15,0.16666666666666666,0.16666666666666666,0.8333333333333334,0.5,0.0,1.1666666666666665
202507152002,2025-07-15,东亚锦,韩国,日本,DRAW_V32_CORE,draw,draw,3.25,False,-100.0,-0.5,1,3.25,3.4,0.0,0.16666666666666666,0.3333333333333333,0.3888888888888889,0.3333333333333333,1.3333333333333333
202507163003,2025-07-16,日天皇杯,神户胜利,甲府风林,DRAW_V32_CORE,draw,draw,3.5,True,250.0,0.5,,3.5,3.3,0.5,0.0,0.6666666666666666,0.06666666666666667,0.5,1.0
202507200012,2025-07-20,瑞超,哈尔姆斯,赫根,DRAW_V32_CORE,draw,draw,3.35,True,235.0,-0.5,,3.35,3.9,0.16666666666666666,0.0,1.0,0.09090909090909091,0.5,1.1666666666666665
202507200010,2025-07-20,芬超,塞伊奈,赫尔火花,DRAW_V32_CORE,draw,draw,4.0,False,-100.0,0.75,,4.0,3.7,0.16666666666666666,0.0,1.5,0.3333333333333333,0.6666666666666666,1.0
202507200003,2025-07-20,日职,冈山绿雉,神户胜利,DRAW_V32_CORE,draw,draw,3.47,False,-100.0,-0.75,,3.47,3.05,0.3333333333333333,0.0,0.5,0.25,0.5,1.3333333333333335
202507266010,2025-07-26,挪超,海于格松,汉坎,DRAW_V32_CORE,draw,draw,3.2,False,-100.0,-0.5,4,3.2,3.65,0.0,0.16666666666666666,1.5,0.3333333333333333,0.5,1.1666666666666667
202507266009,2025-07-26,挪超,克里斯蒂,奥斯KFUM,DRAW_V32_CORE,draw,draw,3.35,False,-100.0,-0.5,,3.35,3.35,0.0,0.0,0.8333333333333334,0.36363636363636365,0.16666666666666666,1.3333333333333333
202507266003,2025-07-26,韩职,光州FC,全北现代,DRAW_V32_CORE,draw,draw,3.21,False,-100.0,-0.25,4,3.21,3.4,0.5,0.0,1.0,0.23333333333333334,0.5,1.0
202507266001,2025-07-26,韩职,金泉尚武,济州SK,DRAW_V32_CORE,draw,draw,3.3,False,-100.0,0.5,8,3.3,3.3,0.5,0.3333333333333333,1.1666666666666667,0.24444444444444444,0.6666666666666666,1.1666666666666665
202507270011,2025-07-27,瑞超,米亚尔比,天狼星,HDRAW_V32_CORE,hdraw,handicap_draw,3.55,True,254.99999999999997,1.25,12,4.05,3.55,0.5,0.3333333333333333,1.6666666666666667,0.14285714285714285,0.6666666666666666,1.0
202507270008,2025-07-27,挪超,罗森博格,特罗姆瑟,DRAW_V32_CORE,draw,draw,3.18,False,-100.0,0.25,5,3.18,3.75,0.0,0.16666666666666666,0.8333333333333334,0.20833333333333334,0.5,1.1666666666666665
202507270006,2025-07-27,瑞超,索尔纳,厄斯特什,DRAW_V32_CORE,draw,draw,4.0,True,300.0,0.75,,4.0,3.24,0.0,0.16666666666666666,1.8333333333333333,0.3,0.5,1.0
202507270005,2025-07-27,瑞超,赫根,佐加顿斯,DRAW_V32_CORE,draw,draw,3.4,False,-100.0,-0.25,,3.4,3.71,0.16666666666666666,0.3333333333333333,1.3333333333333333,0.1951219512195122,0.5,1.3333333333333333
202508026003,2025-08-02,日乙,千叶市原,磐城FC,DRAW_V32_CORE,draw,draw,3.25,True,225.0,0.0,5,3.25,3.8,0.16666666666666666,0.3333333333333333,1.3333333333333333,0.2,0.4,1.1666666666666667
202508026001,2025-08-02,日乙,富山胜利,大宫松鼠,DRAW_V32_CORE,draw,draw,3.33,False,-100.0,-0.5,,3.33,3.32,0.3333333333333333,0.3333333333333333,1.1666666666666667,0.6666666666666666,0.3333333333333333,1.1666666666666665
202508030013,2025-08-03,挪超,瓦勒伦加,桑纳菲,DRAW_V32_CORE,draw,draw,3.7,False,-100.0,0.5,,3.7,3.95,0.0,0.16666666666666666,0.8333333333333334,0.0625,0.5,1.0
202508030002,2025-08-03,德乙,马格德堡,不伦瑞克,DRAW_V32_CORE,draw,draw,3.9,False,-100.0,0.75,,3.9,3.25,0.0,0.0,1.1666666666666667,0.3157894736842105,0.5,1.0
202508030001,2025-08-03,日乙,熊本深红,水户蜀葵,DRAW_V32_CORE,draw,draw,3.3,False,-100.0,-0.25,14,3.3,3.5,0.0,0.0,0.3333333333333333,0.35294117647058826,0.6666666666666666,1.0
202508096008,2025-08-09,瑞超,马尔默,米亚尔比,DRAW_V32_CORE,draw,draw,3.45,False,-100.0,0.25,3,3.45,3.47,0.3333333333333333,0.0,0.5,0.3103448275862069,0.5,1.1666666666666665
202508096006,2025-08-09,英冠,考文垂,赫尔城,DRAW_V32_CORE,draw,draw,3.75,True,275.0,0.75,15,3.75,3.25,0.16666666666666666,0.0,0.5,0.2777777777777778,0.5,1.1666666666666665
202508100017,2025-08-10,挪超,布莱尼,奥斯KFUM,DRAW_V32_CORE,draw,draw,3.13,True,213.0,-0.25,,3.13,3.85,0.16666666666666666,0.0,0.6666666666666666,0.3333333333333333,0.5,1.1666666666666665
202508100016,2025-08-10,挪超,海于格松,萨普斯堡,HDRAW_V32_CORE,hdraw,handicap_draw,3.7,False,-100.0,-1.0,7,4.55,3.7,0.0,0.16666666666666666,1.6666666666666667,0.3142857142857143,0.3333333333333333,0.8333333333333333
202508100012,2025-08-10,瑞超,厄斯特什,布鲁马波,DRAW_V32_CORE,draw,draw,3.38,True,238.0,-0.25,,3.38,4.1,0.0,0.3333333333333333,1.6666666666666667,0.3684210526315789,0.0,1.1666666666666667
202508166015,2025-08-16,葡超,通德拉,法马利康,DRAW_V32_CORE,draw,draw,3.32,False,-100.0,-0.5,6,3.32,3.31,0.16666666666666666,0.16666666666666666,0.5,0.2857142857142857,0.6666666666666666,1.0
202508166005,2025-08-16,韩职,全北现代,大邱FC,HDRAW_V32_CORE,hdraw,handicap_draw,3.65,False,-100.0,1.25,11,4.85,3.65,0.8333333333333334,0.3333333333333333,2.8333333333333335,0.19642857142857142,0.16666666666666666,0.5
202508170020,2025-08-17,挪超,克里斯蒂,桑纳菲,DRAW_V32_CORE,draw,draw,3.85,True,285.0,-0.25,,3.85,3.8,0.0,0.3333333333333333,1.3333333333333333,0.2,0.5,1.0
202508170019,2025-08-17,挪超,奥斯KFUM,莫尔德,DRAW_V32_CORE,draw,draw,3.15,True,215.0,-0.25,,3.15,4.2,0.0,0.3333333333333333,1.5,0.25,0.75,1.1666666666666665
202508170018,2025-08-17,西甲,塞尔塔,赫塔费,DRAW_V32_CORE,draw,draw,3.35,False,-100.0,0.75,,3.35,2.87,0.16666666666666666,0.5,1.1666666666666667,0.32142857142857145,0.6666666666666666,1.1666666666666665
202508170016,2025-08-17,瑞超,米亚尔比,佐加顿斯,DRAW_V32_CORE,draw,draw,3.45,True,245.00000000000003,0.5,,3.45,3.52,0.5,0.16666666666666666,0.6666666666666666,0.08333333333333333,0.5,1.1666666666666665
202508170015,2025-08-17,瑞超,哈马比,盖斯,DRAW_V32_CORE,draw,draw,3.52,False,-100.0,0.5,,3.52,3.4,0.16666666666666666,0.16666666666666666,0.8333333333333334,0.47058823529411764,0.16666666666666666,1.1666666666666667
202508170012,2025-08-17,英冠,赫尔城,牛津联,DRAW_V32_CORE,draw,draw,3.12,False,-100.0,0.75,,3.12,3.15,0.5,0.3333333333333333,0.5,0.2,0.6,1.5
202508236015,2025-08-23,英超,伯恩茅斯,狼队,DRAW_V32_CORE,draw,draw,3.6,False,-100.0,0.75,8,3.6,3.35,0.0,0.3333333333333333,2.0,0.23076923076923078,0.6666666666666666,1.0
202508236001,2025-08-23,日职,大阪樱花,神户胜利,DRAW_V32_CORE,draw,draw,3.35,True,235.0,-0.25,,3.35,3.62,0.0,0.16666666666666666,1.3333333333333333,0.2571428571428571,0.5,1.0
202508240016,2025-08-24,英超,富勒姆,曼联,DRAW_V32_CORE,draw,draw,3.45,True,245.00000000000003,-0.25,,3.45,3.68,0.3333333333333333,0.16666666666666666,1.0,0.17073170731707318,0.8333333333333334,1.0
202508240007,2025-08-24,荷甲,乌德勒支,SBV精英,HDRAW_V32_CORE,hdraw,handicap_draw,3.78,False,-100.0,1.25,11,4.8,3.78,0.16666666666666666,0.3333333333333333,2.1666666666666665,0.3181818181818182,0.3333333333333333,0.3333333333333333
202508306023,2025-08-30,西甲,阿拉维斯,马竞,DRAW_V32_CORE,draw,draw,3.3,True,229.99999999999997,-0.75,,3.3,3.14,0.3333333333333333,0.3333333333333333,0.8333333333333334,0.2777777777777778,0.5,1.5
202508306020,2025-08-30,英冠,布城,赫尔城,DRAW_V32_CORE,draw,draw,3.28,False,-100.0,0.75,,3.28,3.49,0.0,0.0,1.5,0.39285714285714285,0.5,1.0
202508306017,2025-08-30,英超,热刺,伯恩茅斯,DRAW_V32_CORE,draw,draw,3.86,False,-100.0,0.5,,3.86,3.7,0.16666666666666666,0.0,1.5,0.16666666666666666,0.5,1.3333333333333335
202508306009,2025-08-30,瑞超,哥德堡,韦纳穆,HDRAW_V32_CORE,hdraw,handicap_draw,3.62,True,262.0,1.0,7,5.0,3.62,0.3333333333333333,0.16666666666666666,2.5,0.125,0.3333333333333333,0.3333333333333333
202508306006,2025-08-30,英超,切尔西,富勒姆,DRAW_V32_CORE,draw,draw,3.85,False,-100.0,0.75,2,3.85,3.55,0.0,0.0,0.8333333333333334,0.3076923076923077,0.5,1.1666666666666665
202508306003,2025-08-30,日乙,千叶市原,甲府风林,DRAW_V32_CORE,draw,draw,3.25,False,-100.0,0.5,13,3.25,3.15,0.5,0.16666666666666666,1.1666666666666667,0.36,0.6666666666666666,1.5
202508310028,2025-08-31,德甲,多特蒙德,柏林联合,HDRAW_V32_CORE,hdraw,handicap_draw,3.75,False,-100.0,1.25,9,4.8,3.75,0.3333333333333333,0.6666666666666666,0.8333333333333334,0.13333333333333333,0.3333333333333333,0.8333333333333333
202508310024,2025-08-31,法甲,勒阿弗尔,尼斯,DRAW_V32_CORE,draw,draw,3.35,False,-100.0,-0.25,12,3.35,3.7,0.0,0.16666666666666666,1.6666666666666667,0.25,0.5,1.3333333333333333
202508310023,2025-08-31,挪超,特罗姆瑟,奥斯KFUM,DRAW_V32_CORE,draw,draw,3.22,False,-100.0,0.5,,3.22,3.42,0.0,0.0,0.5,0.375,0.5,1.0
202508310020,2025-08-31,西甲,塞尔塔,比利亚雷,DRAW_V32_CORE,draw,draw,3.5,True,250.0,-0.25,,3.5,3.7,0.16666666666666666,0.0,0.8333333333333334,0.21875,0.5,1.5
202508310012,2025-08-31,英超,诺丁汉,西汉姆联,DRAW_V32_CORE,draw,draw,3.95,False,-100.0,0.75,,3.95,3.35,0.0,0.16666666666666666,2.1666666666666665,0.15,0.5,1.1666666666666667
202508310001,2025-08-31,日职,清水鼓动,鹿岛鹿角,DRAW_V32_CORE,draw,draw,3.4,True,240.0,-0.25,12,3.4,3.65,0.0,0.0,1.8333333333333333,0.23529411764705882,0.8333333333333334,1.0
202509066007,2025-09-06,英甲,威科姆,曼斯菲德,DRAW_V32_CORE,draw,draw,3.2,False,-100.0,0.25,,3.2,3.6,0.0,0.0,0.8333333333333334,0.2857142857142857,0.8333333333333334,1.3333333333333333
202509066005,2025-09-06,英甲,罗瑟汉姆,埃克塞特,DRAW_V32_CORE,draw,draw,3.18,False,-100.0,0.25,,3.18,3.65,0.0,0.16666666666666666,1.1666666666666667,0.3333333333333333,0.5,1.0
202509066002,2025-09-06,英甲,维尔港,莱顿东方,DRAW_V32_CORE,draw,draw,3.2,False,-100.0,0.25,13,3.2,3.94,0.16666666666666666,0.3333333333333333,1.5,0.25,0.5,1.1666666666666665
202509070002,2025-09-07,日联赛杯,柏太阳神,横滨水手,HDRAW_V32_CORE,hdraw,handicap_draw,3.65,True,265.0,1.0,15,4.0,3.65,0.3333333333333333,0.3333333333333333,1.6666666666666667,0.22448979591836735,0.3333333333333333,0.6666666666666666
202509136022,2025-09-13,英冠,西布罗姆,德比郡,DRAW_V32_CORE,draw,draw,3.35,False,-100.0,0.75,,3.35,3.05,0.6666666666666666,0.16666666666666666,2.3333333333333335,0.2631578947368421,0.5,1.0
202509136020,2025-09-13,英超,富勒姆,利兹联,DRAW_V32_CORE,draw,draw,3.25,False,-100.0,0.5,1,3.25,3.45,0.16666666666666666,0.0,1.3333333333333333,0.3181818181818182,0.6666666666666666,1.6666666666666667
202509136016,2025-09-13,英超,伯恩茅斯,布赖顿,DRAW_V32_CORE,draw,draw,3.4,False,-100.0,0.0,,3.4,4.1,0.3333333333333333,0.0,1.0,0.24,0.5,1.1666666666666667
202509136007,2025-09-13,英冠,牛津联,莱切斯特,DRAW_V32_CORE,draw,draw,3.35,True,235.0,-0.5,,3.35,3.4,0.16666666666666666,0.16666666666666666,0.8333333333333334,0.5,0.5,1.0
202509136003,2025-09-13,日职,横滨水手,川崎前锋,DRAW_V32_CORE,draw,draw,3.55,False,-100.0,-0.25,11,3.55,3.7,0.0,0.0,2.5,0.23076923076923078,0.5,1.0
202509140013,2025-09-14,意甲,亚特兰大,莱切,HDRAW_V32_CORE,hdraw,handicap_draw,3.55,False,-100.0,1.25,9,5.0,3.55,0.16666666666666666,0.0,1.1666666666666667,0.35714285714285715,0.5,1.0
202509140007,2025-09-14,西甲,塞尔塔,赫罗纳,DRAW_V32_CORE,draw,draw,3.8,True,280.0,0.75,4,3.8,3.12,0.16666666666666666,0.16666666666666666,2.3333333333333335,0.3157894736842105,0.5,1.3333333333333333
202509206025,2025-09-20,法甲,南特,雷恩,DRAW_V32_CORE,draw,draw,3.4,True,240.0,-0.5,5,3.4,3.25,0.16666666666666666,0.0,1.5,0.2619047619047619,0.6666666666666666,1.3333333333333335
202509206014,2025-09-20,德甲,奥格斯堡,美因茨,DRAW_V32_CORE,draw,draw,3.3,False,-100.0,0.0,4,3.3,4.2,0.0,0.5,1.0,0.18181818181818182,0.6666666666666666,1.0
202509206009,2025-09-20,英超,利物浦,埃弗顿,HDRAW_V32_CORE,hdraw,handicap_draw,3.6,True,260.0,1.25,14,4.13,3.6,0.6666666666666666,0.3333333333333333,0.6666666666666666,0.4153846153846154,0.16666666666666666,1.1666666666666667
202509206008,2025-09-20,德乙,柏林赫塔,帕德博恩,DRAW_V32_CORE,draw,draw,3.4,False,-100.0,0.0,9,3.4,4.45,0.0,0.16666666666666666,0.8333333333333334,0.08333333333333333,0.8333333333333334,1.1666666666666665
202509206007,2025-09-20,日乙,德岛漩涡,札幌冈萨,DRAW_V32_CORE,draw,draw,3.15,False,-100.0,0.5,,3.15,3.3,0.3333333333333333,0.16666666666666666,1.6666666666666667,0.35714285714285715,0.8333333333333334,1.3333333333333335
202509210018,2025-09-21,荷甲,阿尔克马,费耶诺德,DRAW_V32_CORE,draw,draw,3.5,True,250.0,0.0,,3.5,4.25,0.5,0.0,1.0,0.1875,0.8333333333333334,1.0
202509210017,2025-09-21,西甲,马洛卡,马竞,DRAW_V32_CORE,draw,draw,3.5,True,250.0,-0.75,,3.5,3.0,0.0,0.3333333333333333,1.1666666666666667,0.2903225806451613,0.6666666666666666,1.1666666666666665
202509210016,2025-09-21,英冠,布城,牛津联,DRAW_V32_CORE,draw,draw,3.85,False,-100.0,0.75,,3.85,3.2,0.0,0.3333333333333333,2.3333333333333335,0.2,0.4,1.0
202509210015,2025-09-21,德甲,法兰克福,柏林联合,HDRAW_V32_CORE,hdraw,handicap_draw,3.75,False,-100.0,1.0,9,4.2,3.75,0.0,0.3333333333333333,1.6666666666666667,0.1875,0.16666666666666666,0.5
202509210011,2025-09-21,英超,桑德兰,维拉,DRAW_V32_CORE,draw,draw,3.28,True,227.99999999999997,-0.5,,3.28,3.4,0.16666666666666666,0.16666666666666666,0.8333333333333334,0.3939393939393939,0.16666666666666666,1.3333333333333335
202509210010,2025-09-21,英超,伯恩茅斯,纽卡斯尔,DRAW_V32_CORE,draw,draw,3.22,True,222.00000000000003,0.25,,3.22,4.15,0.5,0.3333333333333333,1.1666666666666667,0.4,0.16666666666666666,1.3333333333333333
202509210007,2025-09-21,瑞超,哈马比,赫根,HDRAW_V32_CORE,hdraw,handicap_draw,3.7,False,-100.0,1.0,10,4.3,3.7,0.0,0.5,1.3333333333333333,0.36666666666666664,0.16666666666666666,0.16666666666666666
202509210002,2025-09-21,韩职,浦项制铁,济州SK,DRAW_V32_CORE,draw,draw,3.5,False,-100.0,0.75,5,3.5,3.05,0.5,0.5,1.5,0.25396825396825395,0.5,1.3333333333333335
202509232004,2025-09-23,日职,柏太阳神,广岛三箭,DRAW_V32_CORE,draw,draw,3.25,True,225.0,0.0,1,3.25,4.4,0.3333333333333333,0.16666666666666666,1.3333333333333333,0.34146341463414637,0.5,1.0
202509232003,2025-09-23,日职,东京FC,福冈黄蜂,DRAW_V32_CORE,draw,draw,3.15,False,-100.0,0.25,,3.15,3.45,0.5,0.16666666666666666,1.8333333333333333,0.30434782608695654,0.6666666666666666,1.0
202509232002,2025-09-23,日职,清水鼓动,浦和红钻,DRAW_V32_CORE,draw,draw,3.3,True,229.99999999999997,-0.25,0,3.3,3.55,0.3333333333333333,0.5,1.1666666666666667,0.23404255319148937,0.5,1.5
202509276023,2025-09-27,英超,利兹联,伯恩茅斯,DRAW_V32_CORE,draw,draw,3.15,True,215.0,-0.25,11,3.15,4.18,0.16666666666666666,0.0,1.1666666666666667,0.0,0.5,1.3333333333333333
202509276022,2025-09-27,英超,水晶宫,利物浦,DRAW_V32_CORE,draw,draw,3.8,False,-100.0,-0.5,8,3.8,3.48,0.16666666666666666,0.0,1.0,0.15151515151515152,0.5,1.0
202509276015,2025-09-27,法乙,敦刻尔克,亚眠,DRAW_V32_CORE,draw,draw,3.45,False,-100.0,0.5,,3.45,3.2,0.0,0.3333333333333333,0.6666666666666666,0.3333333333333333,0.5,1.0
202509276004,2025-09-27,韩职,金泉尚武,浦项制铁,DRAW_V32_CORE,draw,draw,3.2,False,-100.0,0.0,2,3.2,3.45,0.3333333333333333,0.16666666666666666,0.5,0.18,0.5,1.0
202509280024,2025-09-28,英超,纽卡斯尔,阿森纳,DRAW_V32_CORE,draw,draw,3.1,False,-100.0,-0.25,,3.1,3.62,0.16666666666666666,0.16666666666666666,0.3333333333333333,0.19047619047619047,0.5,1.1666666666666665
202509280015,2025-09-28,英超,维拉,富勒姆,DRAW_V32_CORE,draw,draw,3.18,False,-100.0,0.25,,3.18,3.75,0.16666666666666666,0.0,0.6666666666666666,0.2619047619047619,0.5,1.6666666666666667
202509280006,2025-09-28,日职,横滨FC,湘南海洋,DRAW_V32_CORE,draw,draw,3.45,False,-100.0,0.5,5,3.45,3.0,0.16666666666666666,0.3333333333333333,3.1666666666666665,0.16666666666666666,0.5,1.0
202509280003,2025-09-28,日乙,富山胜利,德岛漩涡,DRAW_V32_CORE,draw,draw,3.42,False,-100.0,-0.5,8,3.42,2.95,0.0,0.5,1.0,0.08333333333333333,0.5,1.1666666666666665
202509280001,2025-09-28,日乙,秋田闪电,长崎航海,DRAW_V32_CORE,draw,draw,3.54,True,254.0,-0.5,,3.54,3.23,0.16666666666666666,0.0,0.8333333333333334,0.4666666666666667,0.16666666666666666,1.0
202509302004,2025-09-30,亚冠精英,成都蓉城,江原FC,HDRAW_V32_CORE,hdraw,handicap_draw,3.55,True,254.99999999999997,1.0,6,4.35,3.55,0.16666666666666666,0.3333333333333333,1.0,,,0.8333333333333333
202510050019,2025-10-05,法甲,里昂,图卢兹,DRAW_V32_CORE,draw,draw,3.48,False,-100.0,0.5,6,3.48,3.45,0.6666666666666666,0.3333333333333333,1.8333333333333333,0.21951219512195122,0.5,1.3333333333333335
202510050010,2025-10-05,德乙,比勒费,沙尔克04,DRAW_V32_CORE,draw,draw,3.35,False,-100.0,0.0,,3.35,4.55,0.16666666666666666,0.16666666666666666,0.6666666666666666,0.07142857142857142,0.6666666666666666,1.3333333333333335
202510116007,2025-10-11,英甲,伯顿,博尔顿,DRAW_V32_CORE,draw,draw,3.95,False,-100.0,-0.75,14,3.95,3.05,0.16666666666666666,0.0,0.8333333333333334,0.3076923076923077,0.6666666666666666,1.1666666666666667
202510116004,2025-10-11,英甲,埃克塞特,雷丁,DRAW_V32_CORE,draw,draw,3.4,True,240.0,0.0,,3.4,3.45,0.16666666666666666,0.0,1.0,0.16666666666666666,0.6666666666666666,1.5
202510116003,2025-10-11,英甲,斯托克港,布莱克浦,DRAW_V32_CORE,draw,draw,3.92,False,-100.0,0.75,4,3.92,3.12,0.3333333333333333,0.3333333333333333,1.0,0.0,0.5,1.1666666666666665
202510175001,2025-10-17,澳超,阿德莱德,悉尼FC,DRAW_V32_CORE,draw,draw,3.62,False,-100.0,0.0,,3.62,4.2,0.16666666666666666,0.16666666666666666,1.3333333333333333,0.25,0.5,1.0
202510186025,2025-10-18,英冠,谢菲联,沃特福德,DRAW_V32_CORE,draw,draw,3.15,False,-100.0,0.5,,3.15,3.62,0.16666666666666666,0.3333333333333333,1.3333333333333333,0.30434782608695654,0.6666666666666666,1.0
202510186022,2025-10-18,英超,水晶宫,伯恩茅斯,DRAW_V32_CORE,draw,draw,3.1,True,210.0,0.25,3,3.1,3.82,0.3333333333333333,0.0,1.0,0.3888888888888889,0.16666666666666666,1.0
202510186019,2025-10-18,德甲,沃夫斯堡,斯图加特,DRAW_V32_CORE,draw,draw,3.46,False,-100.0,-0.25,,3.46,4.1,0.0,0.0,1.1666666666666667,0.17073170731707318,0.6666666666666666,1.1666666666666665
202510186018,2025-10-18,德甲,美因茨,勒沃库森,DRAW_V32_CORE,draw,draw,3.4,False,-100.0,0.0,14,3.4,4.45,0.16666666666666666,0.0,1.0,0.1794871794871795,0.5,1.1666666666666665
202510186006,2025-10-18,澳超,西悉尼,墨尔本城,DRAW_V32_CORE,draw,draw,3.45,True,245.00000000000003,-0.25,,3.45,4.9,0.16666666666666666,0.16666666666666666,1.0,0.21621621621621623,0.5,1.1666666666666667
202510186004,2025-10-18,韩职,蔚山现代,光州FC,DRAW_V32_CORE,draw,draw,3.12,False,-100.0,0.25,,3.12,3.75,0.16666666666666666,0.16666666666666666,1.5,0.23529411764705882,0.5,1.0
202510186001,2025-10-18,日职,川崎前锋,清水鼓动,DRAW_V32_CORE,draw,draw,4.12,False,-100.0,0.75,3,4.12,3.25,0.16666666666666666,0.16666666666666666,0.5,0.23255813953488372,0.5,1.0
202510190029,2025-10-19,德甲,圣保利,霍芬海姆,DRAW_V32_CORE,draw,draw,3.22,False,-100.0,0.0,5,3.22,4.25,0.16666666666666666,0.16666666666666666,2.0,0.2857142857142857,0.5,1.0
202510190020,2025-10-19,西甲,塞尔塔,皇家社会,DRAW_V32_CORE,draw,draw,3.1,True,210.0,0.5,6,3.1,3.5,0.0,0.5,1.3333333333333333,0.35714285714285715,0.5,1.0
202510190013,2025-10-19,英超,热刺,维拉,DRAW_V32_CORE,draw,draw,3.23,False,-100.0,0.25,,3.23,3.8,0.3333333333333333,0.0,0.6666666666666666,0.21052631578947367,0.5,1.0
202510190012,2025-10-19,挪超,特罗姆瑟,维京,DRAW_V32_CORE,draw,draw,3.3,False,-100.0,0.25,2,3.3,4.1,0.3333333333333333,0.0,1.0,0.19047619047619047,0.5,1.0
202510190009,2025-10-19,西甲,埃尔切,毕尔巴鄂,DRAW_V32_CORE,draw,draw,3.2,True,220.00000000000003,-0.5,,3.2,3.25,0.3333333333333333,0.16666666666666666,1.8333333333333333,0.36363636363636365,0.5,1.0
202510190007,2025-10-19,德乙,纽伦堡,基尔,DRAW_V32_CORE,draw,draw,3.3,True,229.99999999999997,0.0,,3.3,4.25,0.3333333333333333,0.16666666666666666,0.8333333333333334,0.3333333333333333,0.5,1.0
202510190006,2025-10-19,意甲,科莫,尤文图斯,DRAW_V32_CORE,draw,draw,3.15,False,-100.0,-0.25,3,3.15,3.6,0.16666666666666666,0.0,1.8333333333333333,0.0,0.5,1.1666666666666665
202510190003,2025-10-19,日职,湘南海洋,京都,DRAW_V32_CORE,draw,draw,3.57,True,257.0,-0.5,,3.57,3.4,0.0,0.16666666666666666,0.8333333333333334,0.2692307692307692,0.6666666666666666,1.0
202510190002,2025-10-19,日乙,大分三神,仙台七夕,DRAW_V32_CORE,draw,draw,3.32,True,231.99999999999997,-0.25,,3.32,2.95,0.16666666666666666,0.16666666666666666,0.8333333333333334,0.06666666666666667,0.6666666666666666,1.3333333333333335
202510212003,2025-10-21,亚冠精英,蔚山现代,广岛三箭,DRAW_V32_CORE,draw,draw,3.8,False,-100.0,-0.75,,3.8,3.3,0.16666666666666666,0.0,0.6666666666666666,0.0,1.0,1.1666666666666665
202510256020,2025-10-25,德甲,法兰克福,圣保利,HDRAW_V32_CORE,hdraw,handicap_draw,3.62,False,-100.0,1.0,8,4.15,3.62,0.0,0.3333333333333333,1.6666666666666667,0.2857142857142857,0.5,0.5
202510256016,2025-10-25,意甲,帕尔马,科莫,DRAW_V32_CORE,draw,draw,3.3,True,229.99999999999997,-0.5,5,3.3,3.17,0.16666666666666666,0.0,0.6666666666666666,0.375,0.5,1.3333333333333333
202510256014,2025-10-25,法乙,蒙彼利埃,南锡,DRAW_V32_CORE,draw,draw,3.28,False,-100.0,0.25,0,3.28,3.45,0.3333333333333333,0.5,1.5,0.23076923076923078,0.5,1.3333333333333335
202510256013,2025-10-25,西甲,赫罗纳,奥维耶多,DRAW_V32_CORE,draw,draw,3.3,True,229.99999999999997,0.75,,3.3,2.97,0.16666666666666666,0.16666666666666666,1.8333333333333333,0.4,0.5,1.1666666666666665
202510256012,2025-10-25,英冠,考文垂,沃特福德,HDRAW_V32_CORE,hdraw,handicap_draw,3.58,False,-100.0,1.25,7,4.3,3.58,0.16666666666666666,0.3333333333333333,1.1666666666666667,0.32142857142857145,0.5,0.6666666666666666
202510256011,2025-10-25,德乙,基尔,波鸿,DRAW_V32_CORE,draw,draw,3.7,True,270.0,0.5,,3.7,3.45,0.16666666666666666,0.6666666666666666,2.0,0.4,0.5,1.1666666666666667
202510256008,2025-10-25,韩职,水原FC,济州SK,DRAW_V32_CORE,draw,draw,3.85,False,-100.0,0.5,2,3.85,3.3,0.3333333333333333,0.6666666666666666,2.0,0.2916666666666667,0.8333333333333334,1.0
202510256004,2025-10-25,日职,横滨水手,广岛三箭,DRAW_V32_CORE,draw,draw,3.15,False,-100.0,-0.25,12,3.15,3.75,0.16666666666666666,0.16666666666666666,0.6666666666666666,0.2,0.6666666666666666,1.0
202510256003,2025-10-25,日职,柏太阳神,横滨FC,DRAW_V32_CORE,draw,draw,3.85,False,-100.0,0.75,14,3.85,3.3,0.16666666666666666,0.3333333333333333,1.1666666666666667,0.3157894736842105,0.5,1.0
202510256001,2025-10-25,澳超,奥克兰FC,西悉尼,DRAW_V32_CORE,draw,draw,3.5,False,-100.0,0.5,,3.5,3.6,0.0,0.3333333333333333,1.3333333333333333,0.5,0.5,1.0
202510260025,2025-10-26,瑞超,哈尔姆斯,哥德堡,DRAW_V32_CORE,draw,draw,3.45,False,-100.0,-0.5,,3.45,3.45,0.5,0.3333333333333333,1.0,0.45714285714285713,0.5,1.3333333333333333
202510260024,2025-10-26,葡超,法马利康,吉马良斯,DRAW_V32_CORE,draw,draw,3.25,False,-100.0,0.75,1,3.25,3.25,0.16666666666666666,0.0,0.8333333333333334,0.21428571428571427,0.6666666666666666,1.3333333333333333
202510260022,2025-10-26,德甲,勒沃库森,弗赖堡,DRAW_V32_CORE,draw,draw,3.45,False,-100.0,0.5,0,3.45,3.9,0.3333333333333333,0.0,0.8333333333333334,0.2702702702702703,0.5,1.1666666666666665
202510260019,2025-10-26,意甲,萨索洛,罗马,DRAW_V32_CORE,draw,draw,3.35,False,-100.0,-0.5,4,3.35,3.05,0.3333333333333333,0.5,1.0,0.4090909090909091,0.6666666666666666,1.0
202510260016,2025-10-26,英超,阿森纳,水晶宫,HDRAW_V32_CORE,hdraw,handicap_draw,3.72,True,272.0,1.25,11,4.95,3.72,0.3333333333333333,0.3333333333333333,1.3333333333333333,0.3103448275862069,0.3333333333333333,1.0
202510260015,2025-10-26,英超,维拉,曼城,DRAW_V32_CORE,draw,draw,3.7,False,-100.0,-0.5,,3.7,3.55,0.5,0.0,0.5,0.16,0.5,1.0
202510260004,2025-10-26,韩职,蔚山现代,大邱FC,DRAW_V32_CORE,draw,draw,3.98,True,298.0,0.75,,3.98,3.2,0.16666666666666666,0.16666666666666666,1.6666666666666667,0.22033898305084745,0.6666666666666666,1.0
202510260003,2025-10-26,韩职,首尔FC,江原FC,DRAW_V32_CORE,draw,draw,3.15,False,-100.0,0.5,,3.15,3.28,0.0,0.3333333333333333,1.3333333333333333,0.28888888888888886,0.5,1.1666666666666665
202510260002,2025-10-26,日乙,仙台七夕,鸟栖沙岩,DRAW_V32_CORE,draw,draw,3.1,False,-100.0,0.5,,3.1,3.7,0.0,0.0,1.0,0.15555555555555556,0.6666666666666666,1.0
202510260001,2025-10-26,日乙,札幌冈萨,水户蜀葵,DRAW_V32_CORE,draw,draw,3.35,False,-100.0,-0.25,,3.35,3.87,0.3333333333333333,0.16666666666666666,1.5,0.20689655172413793,0.6666666666666666,1.0
202510315003,2025-10-31,沙职,奈季沟渠,欧奈纳伊,DRAW_V32_CORE,draw,draw,3.3,False,-100.0,0.25,,3.3,3.45,0.16666666666666666,0.5,1.6666666666666667,0.3333333333333333,0.6666666666666666,1.1666666666666665
202510315001,2025-10-31,澳超,布里斯班,墨尔本城,DRAW_V32_CORE,draw,draw,3.3,True,229.99999999999997,-0.5,,3.3,3.55,0.3333333333333333,0.16666666666666666,1.1666666666666667,0.17777777777777778,0.5,1.1666666666666665
202511016030,2025-11-01,英冠,谢菲联,德比郡,DRAW_V32_CORE,draw,draw,3.3,False,-100.0,0.5,,3.3,2.95,0.3333333333333333,0.16666666666666666,0.6666666666666666,0.12,0.6666666666666666,1.5
202511016027,2025-11-01,英超,富勒姆,狼队,DRAW_V32_CORE,draw,draw,3.55,False,-100.0,0.75,0,3.55,3.0,0.16666666666666666,0.3333333333333333,1.8333333333333333,0.32142857142857145,0.5,1.1666666666666665
202511016018,2025-11-01,德甲,莱红牛,斯图加特,DRAW_V32_CORE,draw,draw,3.85,False,-100.0,0.25,,3.85,4.0,0.3333333333333333,0.16666666666666666,0.6666666666666666,0.13333333333333333,0.5,1.0
202511016011,2025-11-01,英冠,诺维奇,赫尔城,DRAW_V32_CORE,draw,draw,3.5,False,-100.0,0.25,1,3.5,3.75,0.0,0.16666666666666666,1.3333333333333333,0.38095238095238093,0.5,1.0
202511016006,2025-11-01,韩职,安养FC,蔚山现代,DRAW_V32_CORE,draw,draw,3.2,False,-100.0,-0.25,,3.2,3.8,0.16666666666666666,0.0,1.0,0.3333333333333333,0.6666666666666666,1.5
202511016003,2025-11-01,韩职,大田市民,首尔FC,DRAW_V32_CORE,draw,draw,3.42,False,-100.0,0.0,,3.42,3.9,0.16666666666666666,0.16666666666666666,1.3333333333333333,0.3684210526315789,0.5,1.0
202511020027,2025-11-02,瑞超,佐加顿斯,哥德堡,DRAW_V32_CORE,draw,draw,3.85,True,285.0,0.75,,3.85,3.53,0.16666666666666666,0.3333333333333333,0.8333333333333334,0.2641509433962264,0.5,1.0
202511020024,2025-11-02,德甲,科隆,汉堡,DRAW_V32_CORE,draw,draw,3.41,False,-100.0,0.0,4,3.41,4.35,0.16666666666666666,0.3333333333333333,0.6666666666666666,0.1724137931034483,0.5,1.0
202511020021,2025-11-02,意甲,都灵,比萨,DRAW_V32_CORE,draw,draw,3.25,True,225.0,0.5,7,3.25,2.8,0.5,0.16666666666666666,1.1666666666666667,0.5,0.5,1.1666666666666665
202511020008,2025-11-02,意甲,维罗纳,国际米兰,HDRAW_V32_CORE,hdraw,handicap_draw,3.68,True,268.0,-1.25,15,5.1,3.68,0.0,0.0,0.8333333333333334,0.19047619047619047,0.5,1.0
202511020002,2025-11-02,日乙,磐田喜悦,长崎航海,DRAW_V32_CORE,draw,draw,3.7,False,-100.0,-0.5,,3.7,3.4,0.3333333333333333,0.0,0.5,0.2857142857142857,0.8333333333333334,1.0
202511075003,2025-11-07,沙职,迈季宽广,奈季沟渠,DRAW_V32_CORE,draw,draw,3.35,False,-100.0,0.75,,3.35,3.35,0.16666666666666666,0.3333333333333333,1.1666666666666667,0.0,0.5,1.0
202511086028,2025-11-08,沙职,利雅青年,达曼协定,DRAW_V32_CORE,draw,draw,3.45,True,245.00000000000003,0.5,,3.45,3.55,0.16666666666666666,0.16666666666666666,2.6666666666666665,0.3333333333333333,0.5,1.0
202511086015,2025-11-08,英冠,赫尔城,朴次茅斯,DRAW_V32_CORE,draw,draw,3.4,False,-100.0,0.25,,3.4,3.48,0.5,0.3333333333333333,1.3333333333333333,0.4166666666666667,0.16666666666666666,1.1666666666666665
202511086001,2025-11-08,日职,鹿岛鹿角,横滨FC,DRAW_V32_CORE,draw,draw,3.87,False,-100.0,0.75,16,3.87,3.3,0.16666666666666666,0.3333333333333333,1.5,0.0,0.5,1.3333333333333333
202511090028,2025-11-09,德甲,弗赖堡,圣保利,DRAW_V32_CORE,draw,draw,3.55,False,-100.0,0.5,3,3.55,3.25,0.0,0.3333333333333333,2.1666666666666665,0.23076923076923078,0.5,1.0
202511090014,2025-11-09,西甲,毕尔巴鄂,奥维耶多,DRAW_V32_CORE,draw,draw,3.45,False,-100.0,0.75,,3.45,3.1,0.16666666666666666,0.0,1.6666666666666667,0.3333333333333333,0.6666666666666666,1.0
202511090013,2025-11-09,德乙,基尔,杜塞多夫,DRAW_V32_CORE,draw,draw,3.7,False,-100.0,0.75,,3.7,3.5,0.16666666666666666,0.5,1.6666666666666667,0.3125,0.5,1.3333333333333335
202511090008,2025-11-09,日职,大阪钢巴,神户胜利,DRAW_V32_CORE,draw,draw,3.45,True,245.00000000000003,-0.5,,3.45,3.4,0.16666666666666666,0.3333333333333333,1.1666666666666667,0.2549019607843137,0.6666666666666666,1.3333333333333333
202511090006,2025-11-09,韩职,浦项制铁,首尔FC,DRAW_V32_CORE,draw,draw,3.16,True,216.0,0.0,,3.16,4.25,0.3333333333333333,0.16666666666666666,1.6666666666666667,0.28,0.5,1.1666666666666665
202511090004,2025-11-09,日职,京都,横滨水手,DRAW_V32_CORE,draw,draw,3.42,False,-100.0,0.25,,3.42,3.7,0.16666666666666666,0.16666666666666666,1.0,0.125,0.5,1.1666666666666667
202511090003,2025-11-09,日职,町田泽维,东京FC,DRAW_V32_CORE,draw,draw,3.28,False,-100.0,0.5,,3.28,3.3,0.0,0.16666666666666666,1.0,0.0,0.6666666666666666,1.3333333333333333
202511090002,2025-11-09,日职,广岛三箭,浦和红钻,DRAW_V32_CORE,draw,draw,3.65,False,-100.0,0.75,1,3.65,3.1,0.3333333333333333,0.16666666666666666,0.8333333333333334,0.23404255319148937,0.5,1.3333333333333335
202511156006,2025-11-15,英甲,莱顿东方,埃克塞特,DRAW_V32_CORE,draw,draw,3.7,False,-100.0,0.75,,3.7,3.2,0.5,0.16666666666666666,0.8333333333333334,0.2631578947368421,0.5,1.5
202511156004,2025-11-15,英甲,林肯城,唐卡斯特,DRAW_V32_CORE,draw,draw,3.35,False,-100.0,0.5,12,3.35,3.24,0.16666666666666666,0.3333333333333333,1.8333333333333333,0.09090909090909091,0.6666666666666666,1.0
202511182002,2025-11-18,国际赛,韩国,加纳,DRAW_V32_CORE,draw,draw,3.8,False,-100.0,0.75,39,3.8,3.3,0.0,0.0,0.5,0.0,0.4,1.3333333333333333
202511226031,2025-11-22,英超,富勒姆,桑德兰,DRAW_V32_CORE,draw,draw,3.25,False,-100.0,0.5,10,3.25,3.52,0.0,0.0,1.0,0.34615384615384615,0.5,1.1666666666666665
202511226026,2025-11-22,德甲,多特蒙德,斯图加特,DRAW_V32_CORE,draw,draw,3.95,True,295.0,0.75,2,3.95,3.55,0.3333333333333333,0.16666666666666666,1.1666666666666667,0.21428571428571427,0.5,1.1666666666666665
202511226023,2025-11-22,德甲,奥格斯堡,汉堡,DRAW_V32_CORE,draw,draw,3.25,False,-100.0,0.25,2,3.25,4.1,0.0,0.3333333333333333,1.8333333333333333,0.125,0.5,1.1666666666666665
202511226012,2025-11-22,英冠,布城,斯旺西,DRAW_V32_CORE,draw,draw,3.32,False,-100.0,0.25,,3.32,3.16,0.3333333333333333,0.3333333333333333,2.0,0.38461538461538464,0.5,1.0
202511226011,2025-11-22,英超,伯恩利,切尔西,HDRAW_V32_CORE,hdraw,handicap_draw,3.55,False,-100.0,-1.0,6,3.85,3.55,0.16666666666666666,0.16666666666666666,1.3333333333333333,0.3157894736842105,0.0,0.5
202511226010,2025-11-22,德乙,杜塞多夫,马格德堡,DRAW_V32_CORE,draw,draw,3.55,False,-100.0,0.25,,3.55,3.74,0.0,0.16666666666666666,1.5,0.09090909090909091,0.6666666666666666,1.1666666666666665
202511226005,2025-11-22,韩职,浦项制铁,全北现代,DRAW_V32_CORE,draw,draw,3.12,True,212.0,0.0,3,3.12,4.25,0.3333333333333333,0.16666666666666666,1.0,0.2564102564102564,0.5,1.5
202511226001,2025-11-22,澳超,惠灵顿,麦克阿瑟,DRAW_V32_CORE,draw,draw,3.5,False,-100.0,0.0,,3.5,4.3,0.3333333333333333,0.16666666666666666,1.1666666666666667,0.14285714285714285,0.6666666666666666,1.0
202511230027,2025-11-23,荷甲,格罗宁根,兹沃勒,HDRAW_V32_CORE,hdraw,handicap_draw,3.54,False,-100.0,1.25,7,4.4,3.54,0.16666666666666666,0.0,2.8333333333333335,0.25925925925925924,0.16666666666666666,0.6666666666666666
202511230025,2025-11-23,沙职,奈季沟渠,利雅青年,DRAW_V32_CORE,draw,draw,3.3,True,229.99999999999997,-0.5,,3.3,3.7,0.16666666666666666,0.16666666666666666,1.0,0.75,0.25,1.5
202511230023,2025-11-23,法甲,欧塞尔,里昂,DRAW_V32_CORE,draw,draw,3.48,True,248.0,-0.25,11,3.48,3.45,0.0,0.16666666666666666,1.5,0.25,0.5,1.0
202511230022,2025-11-23,意甲,克雷莫纳,罗马,DRAW_V32_CORE,draw,draw,3.55,False,-100.0,-0.75,6,3.55,2.95,0.0,0.3333333333333333,0.6666666666666666,0.0,1.0,1.3333333333333333
202511230010,2025-11-23,日乙,爱媛FC,熊本深红,DRAW_V32_CORE,draw,draw,3.55,True,254.99999999999997,-0.75,,3.55,3.5,0.0,0.3333333333333333,1.5,0.21428571428571427,0.5,1.0
202511230006,2025-11-23,日乙,今治FC,札幌冈萨,DRAW_V32_CORE,draw,draw,3.45,True,245.00000000000003,0.5,,3.45,3.65,0.16666666666666666,0.3333333333333333,2.0,1.0,0.0,1.0
202511230003,2025-11-23,日乙,秋田闪电,仙台七夕,DRAW_V32_CORE,draw,draw,3.75,True,275.0,-0.75,,3.75,3.05,0.0,0.3333333333333333,1.1666666666666667,0.375,0.5,1.0
202511230002,2025-11-23,日乙,长崎航海,水户蜀葵,DRAW_V32_CORE,draw,draw,3.2,False,-100.0,0.5,,3.2,3.52,0.0,0.16666666666666666,0.6666666666666666,0.30434782608695654,0.5,1.5
202511230001,2025-11-23,日乙,大分三神,千叶市原,DRAW_V32_CORE,draw,draw,3.58,False,-100.0,-0.75,14,3.58,3.05,0.16666666666666666,0.0,1.1666666666666667,0.1794871794871795,0.5,1.1666666666666665
202511252002,2025-11-25,亚冠精英,上海海港,首尔FC,DRAW_V32_CORE,draw,draw,4.0,False,-100.0,-0.75,,4.0,3.6,0.3333333333333333,0.0,1.6666666666666667,0.0,0.5,1.0
202511263001,2025-11-26,亚冠精英,蔚山现代,布里兰,DRAW_V32_CORE,draw,draw,3.35,True,235.0,-0.25,,3.35,3.8,0.3333333333333333,0.0,1.0,0.0,1.0,1.0
202511285001,2025-11-28,澳超,布里斯班,墨胜利,DRAW_V32_CORE,draw,draw,3.3,False,-100.0,0.0,,3.3,3.95,0.16666666666666666,0.0,1.6666666666666667,0.25,0.5,1.0
202511296011,2025-11-29,德乙,菲尔特,波鸿,DRAW_V32_CORE,draw,draw,3.6,False,-100.0,-0.25,2,3.6,3.8,0.16666666666666666,0.16666666666666666,1.1666666666666667,0.35714285714285715,0.5,1.0
202511296010,2025-11-29,德乙,不伦瑞克,凯泽,DRAW_V32_CORE,draw,draw,3.45,False,-100.0,-0.25,,3.45,3.9,0.16666666666666666,0.16666666666666666,1.0,0.4,0.5,1.0
202511296008,2025-11-29,澳超,西悉尼,悉尼FC,DRAW_V32_CORE,draw,draw,3.75,False,-100.0,-0.25,,3.75,3.9,0.16666666666666666,0.16666666666666666,0.6666666666666666,0.24390243902439024,0.5,1.1666666666666665
202511296007,2025-11-29,澳超,中央海岸,墨尔本城,DRAW_V32_CORE,draw,draw,3.73,True,273.0,-0.75,,3.73,3.4,0.3333333333333333,0.0,0.8333333333333334,0.2558139534883721,0.5,1.1666666666666665
202511296005,2025-11-29,日乙,富山胜利,秋田闪电,DRAW_V32_CORE,draw,draw,3.4,False,-100.0,0.5,,3.4,3.38,0.3333333333333333,0.16666666666666666,1.0,0.35714285714285715,0.5,1.6666666666666667
202511296003,2025-11-29,日乙,仙台七夕,磐城FC,DRAW_V32_CORE,draw,draw,3.45,False,-100.0,0.5,,3.45,3.5,0.16666666666666666,0.0,0.6666666666666666,0.2,0.6,1.1666666666666665
202511300030,2025-11-30,荷甲,特温特,阿尔克马,DRAW_V32_CORE,draw,draw,3.65,False,-100.0,0.25,,3.65,3.95,0.16666666666666666,0.0,2.0,0.16666666666666666,1.0,1.0
202511300011,2025-11-30,韩职,江原FC,浦项制铁,DRAW_V32_CORE,draw,draw,3.3,False,-100.0,0.5,3,3.3,3.3,0.16666666666666666,0.0,0.5,0.2682926829268293,0.8333333333333334,1.6666666666666665
202511300008,2025-11-30,韩职,蔚山现代,济州SK,DRAW_V32_CORE,draw,draw,3.38,False,-100.0,0.5,,3.38,3.5,0.16666666666666666,0.16666666666666666,1.6666666666666667,0.24615384615384617,0.6666666666666666,1.3333333333333335
202511300007,2025-11-30,韩职,水原FC,光州FC,DRAW_V32_CORE,draw,draw,3.6,False,-100.0,0.75,3,3.6,3.3,0.16666666666666666,0.3333333333333333,1.0,0.2,0.5,1.6666666666666667
202511300006,2025-11-30,韩职,大邱FC,安养FC,DRAW_V32_CORE,draw,draw,3.5,True,250.0,0.5,,3.5,3.6,0.3333333333333333,0.3333333333333333,1.0,0.4117647058823529,0.5,1.1666666666666665
202511300005,2025-11-30,日职,川崎前锋,广岛三箭,DRAW_V32_CORE,draw,draw,3.65,False,-100.0,-0.25,4,3.65,4.0,0.0,0.0,1.1666666666666667,0.24444444444444444,0.5,1.0
202512055002,2025-12-05,澳超,珀斯,西悉尼,DRAW_V32_CORE,draw,draw,3.5,False,-100.0,-0.25,,3.5,3.88,0.16666666666666666,0.16666666666666666,1.1666666666666667,0.2631578947368421,0.6666666666666666,1.3333333333333335
202512055001,2025-12-05,澳超,麦克阿瑟,墨胜利,DRAW_V32_CORE,draw,draw,3.33,True,233.0,0.0,,3.33,4.1,0.5,0.16666666666666666,1.8333333333333333,0.09090909090909091,0.8333333333333334,1.3333333333333333
202512066021,2025-12-06,德甲,奥格斯堡,勒沃库森,DRAW_V32_CORE,draw,draw,3.55,False,-100.0,-0.25,11,3.55,3.97,0.16666666666666666,0.16666666666666666,0.5,0.23333333333333334,0.6666666666666666,1.0
202512066018,2025-12-06,德甲,沃夫斯堡,柏林联合,DRAW_V32_CORE,draw,draw,3.35,False,-100.0,0.5,,3.35,3.45,0.16666666666666666,0.3333333333333333,1.3333333333333333,0.25,0.8333333333333334,1.0
202512066017,2025-12-06,意甲,萨索洛,佛罗伦萨,DRAW_V32_CORE,draw,draw,3.15,False,-100.0,0.0,0,3.15,3.88,0.16666666666666666,0.5,1.5,0.2727272727272727,0.5,1.0
202512066014,2025-12-06,英冠,沃特福德,诺维奇,DRAW_V32_CORE,draw,draw,3.75,False,-100.0,0.5,1,3.75,3.27,0.16666666666666666,0.16666666666666666,1.8333333333333333,0.10714285714285714,0.6666666666666666,1.0
202512066006,2025-12-06,日职,京都,神户胜利,DRAW_V32_CORE,draw,draw,3.35,False,-100.0,-0.25,,3.35,3.65,0.3333333333333333,0.0,0.6666666666666666,0.21052631578947367,0.6666666666666666,1.5
202512070015,2025-12-07,德甲,汉堡,不来梅,DRAW_V32_CORE,draw,draw,3.35,False,-100.0,0.25,,3.35,4.1,0.16666666666666666,0.0,1.1666666666666667,0.24324324324324326,0.5,1.1666666666666665
202512070013,2025-12-07,意甲,卡利亚里,罗马,DRAW_V32_CORE,draw,draw,3.45,False,-100.0,-0.75,7,3.45,3.0,0.0,0.3333333333333333,0.6666666666666666,0.2564102564102564,0.5,1.1666666666666665
202512070010,2025-12-07,西甲,埃尔切,赫罗纳,DRAW_V32_CORE,draw,draw,3.25,False,-100.0,0.5,7,3.25,3.55,0.0,0.3333333333333333,1.1666666666666667,0.2857142857142857,0.5,1.1666666666666665
202512070008,2025-12-07,德乙,不伦瑞克,基尔,DRAW_V32_CORE,draw,draw,3.2,True,220.00000000000003,0.0,,3.2,4.3,0.16666666666666666,0.3333333333333333,1.5,0.25,0.5,1.0
202512070005,2025-12-07,荷甲,乌德勒支,特温特,DRAW_V32_CORE,draw,draw,3.2,True,220.00000000000003,0.0,0,3.2,3.85,0.3333333333333333,0.0,0.5,0.24489795918367346,0.5,1.3333333333333335
202512070003,2025-12-07,韩职,济州SK,水原三星,DRAW_V32_CORE,draw,draw,3.19,False,-100.0,-0.25,9,3.19,3.7,0.5,0.16666666666666666,1.1666666666666667,0.20967741935483872,0.8333333333333334,1.3333333333333333
202512070001,2025-12-07,日乙,千叶市原,大宫松鼠,DRAW_V32_CORE,draw,draw,3.2,False,-100.0,0.25,,3.2,3.8,0.3333333333333333,0.3333333333333333,1.1666666666666667,0.13793103448275862,0.8333333333333334,1.0
202512081008,2025-12-08,韩职,水原FC,富川FC,DRAW_V32_CORE,draw,draw,3.35,False,-100.0,0.5,7,3.35,3.3,0.16666666666666666,0.0,0.0,0.2,0.8333333333333334,1.8333333333333335
202512114002,2025-12-11,亚冠乙,巴吞联,淡宾尼士,DRAW_V32_CORE,draw,draw,3.92,False,-100.0,0.75,,3.92,3.7,0.3333333333333333,0.0,1.6666666666666667,0.4,0.6,1.0
202512125001,2025-12-12,澳超,中央海岸,奥克兰FC,DRAW_V32_CORE,draw,draw,3.6,False,-100.0,-0.5,,3.6,3.45,0.16666666666666666,0.16666666666666666,1.0,0.5,0.0,1.0
202512136011,2025-12-13,法乙,格勒诺布,蒙彼利埃,DRAW_V32_CORE,draw,draw,3.2,True,220.00000000000003,-0.25,,3.2,3.55,0.6666666666666666,0.16666666666666666,0.5,0.42857142857142855,0.5,1.1666666666666667
202512136006,2025-12-13,德乙,比勒费,凯泽,DRAW_V32_CORE,draw,draw,3.6,True,260.0,0.5,,3.6,3.9,0.0,0.16666666666666666,2.0,0.17647058823529413,0.5,1.0
202512136002,2025-12-13,澳超,墨胜利,阿德莱德,DRAW_V32_CORE,draw,draw,3.7,False,-100.0,0.25,,3.7,4.1,0.0,0.6666666666666666,1.3333333333333333,0.2054794520547945,0.5,1.0
202512136001,2025-12-13,澳超,西悉尼,布里斯班,DRAW_V32_CORE,draw,draw,3.4,True,240.0,0.25,,3.4,3.85,0.3333333333333333,0.16666666666666666,0.5,0.38095238095238093,0.3333333333333333,1.5
202512140019,2025-12-14,荷甲,布雷达,乌德勒支,DRAW_V32_CORE,draw,draw,3.25,True,225.0,0.0,12,3.25,4.4,0.16666666666666666,0.3333333333333333,1.5,0.24242424242424243,0.6666666666666666,1.0
202512140005,2025-12-14,德乙,沙尔克04,纽伦堡,DRAW_V32_CORE,draw,draw,3.3,False,-100.0,0.5,10,3.3,3.55,0.3333333333333333,0.0,1.3333333333333333,0.2,0.5,1.0
202512195002,2025-12-19,澳超,西悉尼,奥克兰FC,DRAW_V32_CORE,draw,draw,3.3,False,-100.0,0.0,,3.3,4.3,0.3333333333333333,0.16666666666666666,1.1666666666666667,0.3333333333333333,0.6666666666666666,1.0
202512206024,2025-12-20,西甲,莱万特,皇家社会,DRAW_V32_CORE,draw,draw,3.15,True,215.0,-0.25,5,3.15,3.82,0.16666666666666666,0.5,1.3333333333333333,0.3333333333333333,0.8333333333333334,1.1666666666666667
202512210018,2025-12-21,荷甲,福图纳,阿尔克马,DRAW_V32_CORE,draw,draw,4.1,False,-100.0,-0.75,,4.1,3.5,0.0,0.16666666666666666,0.6666666666666666,0.06666666666666667,0.5,1.1666666666666665
202512210003,2025-12-21,德乙,明斯特,埃沃斯堡,DRAW_V32_CORE,draw,draw,3.15,True,215.0,-0.25,,3.15,3.9,0.3333333333333333,0.16666666666666666,1.0,0.3,0.5,1.0
202512265010,2025-12-26,英冠,米堡,布莱克本,DRAW_V32_CORE,draw,draw,3.72,True,272.0,0.75,,3.72,3.35,0.3333333333333333,0.3333333333333333,1.0,0.32608695652173914,0.6666666666666666,1.0
202512276011,2025-12-27,英超,布伦特,伯恩茅斯,DRAW_V32_CORE,draw,draw,3.3,False,-100.0,0.25,,3.3,3.8,0.0,0.3333333333333333,1.8333333333333333,0.27586206896551724,0.5,1.3333333333333335
202512276006,2025-12-27,意甲,莱切,科莫,DRAW_V32_CORE,draw,draw,3.1,False,-100.0,-0.5,4,3.1,3.23,0.5,0.16666666666666666,1.0,0.42857142857142855,0.16666666666666666,1.5
202512276001,2025-12-27,澳超,阿德莱德,西悉尼,DRAW_V32_CORE,draw,draw,3.54,False,-100.0,0.0,,3.54,4.5,0.16666666666666666,0.16666666666666666,1.1666666666666667,0.35,0.6666666666666666,1.3333333333333335
202512280003,2025-12-28,非洲杯,加蓬,莫桑比克,DRAW_V32_CORE,draw,draw,3.15,False,-100.0,0.5,24,3.15,3.05,0.16666666666666666,0.5,1.6666666666666667,0.0,0.6666666666666666,1.1666666666666665
202601014018,2026-01-01,英甲,斯蒂文,普利茅斯,DRAW_V32_CORE,draw,draw,3.12,True,212.0,0.5,,3.12,3.43,0.0,0.16666666666666666,1.1666666666666667,0.1111111111111111,0.8333333333333334,1.0
202601014008,2026-01-01,英冠,南安普敦,米尔沃尔,DRAW_V32_CORE,draw,draw,3.62,True,262.0,0.75,8,3.62,3.35,0.16666666666666666,0.0,1.1666666666666667,0.2,0.8333333333333334,1.0
202601014007,2026-01-01,英冠,查尔顿,考文垂,DRAW_V32_CORE,draw,draw,3.5,True,250.0,-0.5,16,3.5,3.4,0.16666666666666666,0.0,1.1666666666666667,0.46153846153846156,0.3333333333333333,1.3333333333333335
202601014005,2026-01-01,英冠,德比郡,米堡,DRAW_V32_CORE,draw,draw,3.1,False,-100.0,-0.25,,3.1,3.6,0.0,0.16666666666666666,1.0,0.23076923076923078,0.6666666666666666,1.0
202601014002,2026-01-01,澳超,西悉尼,麦克阿瑟,DRAW_V32_CORE,draw,draw,3.75,False,-100.0,0.75,,3.75,3.55,0.3333333333333333,0.0,1.5,0.26666666666666666,0.5,1.1666666666666665
202601036011,2026-01-03,英超,狼队,西汉姆联,DRAW_V32_CORE,draw,draw,3.1,False,-100.0,0.0,0,3.1,4.05,0.0,0.3333333333333333,1.8333333333333333,0.041666666666666664,0.6666666666666666,1.0
202601036003,2026-01-03,意甲,科莫,乌迪内斯,DRAW_V32_CORE,draw,draw,3.4,False,-100.0,0.75,3,3.4,3.3,0.0,0.16666666666666666,1.6666666666666667,0.0,0.5,1.1666666666666665
202601040015,2026-01-04,英冠,米堡,南安普敦,DRAW_V32_CORE,draw,draw,3.45,False,-100.0,0.25,,3.45,3.75,0.16666666666666666,0.3333333333333333,1.3333333333333333,0.36,0.6666666666666666,1.1666666666666665
202601040011,2026-01-04,英超,富勒姆,利物浦,DRAW_V32_CORE,draw,draw,3.4,True,240.0,-0.5,11,3.4,3.55,0.5,0.0,0.8333333333333334,0.21052631578947367,0.5,1.0
202601040010,2026-01-04,英超,热刺,桑德兰,DRAW_V32_CORE,draw,draw,3.3,True,229.99999999999997,0.5,,3.3,3.25,0.16666666666666666,0.0,0.8333333333333334,0.18181818181818182,0.5,1.3333333333333335
202601040006,2026-01-04,西甲,塞维利亚,莱万特,DRAW_V32_CORE,draw,draw,3.6,False,-100.0,0.75,11,3.6,3.3,0.16666666666666666,0.3333333333333333,1.1666666666666667,0.23333333333333334,0.6666666666666666,1.6666666666666665
202601040003,2026-01-04,英冠,伯明翰,考文垂,DRAW_V32_CORE,draw,draw,3.25,False,-100.0,0.0,8,3.25,4.12,0.0,0.0,0.8333333333333334,0.42105263157894735,0.0,1.5
202601095004,2026-01-09,沙职,布赖合作,利雅青年,DRAW_V32_CORE,draw,draw,3.4,False,-100.0,0.25,,3.4,3.48,0.16666666666666666,0.16666666666666666,2.3333333333333335,0.24242424242424243,0.5,1.3333333333333335
202601106020,2026-01-10,英足总杯,富勒姆,米堡,DRAW_V32_CORE,draw,draw,3.35,False,-100.0,0.5,,3.35,3.95,0.5,0.3333333333333333,0.8333333333333334,0.2962962962962963,0.5,1.1666666666666665
202601106017,2026-01-10,沙职,利雅得,迈季宽广,DRAW_V32_CORE,draw,draw,3.1,True,210.0,-0.25,,3.1,3.62,0.0,0.3333333333333333,2.0,0.4444444444444444,0.16666666666666666,1.0
202601106010,2026-01-10,意甲,乌迪内斯,比萨,DRAW_V32_CORE,draw,draw,3.25,True,225.0,0.5,4,3.25,3.15,0.3333333333333333,0.3333333333333333,1.6666666666666667,0.0,1.0,1.1666666666666665
202601106001,2026-01-10,澳超,墨胜利,西悉尼,DRAW_V32_CORE,draw,draw,3.75,False,-100.0,0.25,,3.75,3.85,0.5,0.5,1.1666666666666667,0.17647058823529413,0.6666666666666666,1.3333333333333335
202601110015,2026-01-11,德甲,门兴,奥格斯堡,DRAW_V32_CORE,draw,draw,3.62,False,-100.0,0.5,,3.62,3.45,0.16666666666666666,0.3333333333333333,1.1666666666666667,0.28125,0.5,1.1666666666666665
202601110013,2026-01-11,意甲,佛罗伦萨,AC米兰,DRAW_V32_CORE,draw,draw,3.15,True,215.0,-0.25,13,3.15,3.52,0.16666666666666666,0.0,1.1666666666666667,0.22727272727272727,0.8333333333333334,1.0
202601110011,2026-01-11,亚洲杯23,泰国23,伊拉克23,DRAW_V32_CORE,draw,draw,3.1,True,210.0,-0.5,,3.1,3.4,0.16666666666666666,0.16666666666666666,0.8333333333333334,0.42857142857142855,0.5,1.0
202601110001,2026-01-11,澳超,墨尔本城,纽喷气机,DRAW_V32_CORE,draw,draw,4.1,False,-100.0,0.75,,4.1,3.7,0.16666666666666666,0.3333333333333333,1.5,0.13043478260869565,0.5,1.1666666666666667
202601143002,2026-01-14,亚洲杯23,伊拉克23,澳大利23,DRAW_V32_CORE,draw,draw,3.2,False,-100.0,-0.5,,3.2,3.15,0.16666666666666666,0.16666666666666666,0.3333333333333333,0.7142857142857143,0.0,1.5
202601165002,2026-01-16,澳超,珀斯,布里斯班,DRAW_V32_CORE,draw,draw,3.35,False,-100.0,0.5,,3.35,3.55,0.16666666666666666,0.3333333333333333,1.5,0.1864406779661017,0.6666666666666666,1.0
202601176024,2026-01-17,荷甲,阿贾克斯,前进之鹰,HDRAW_V32_CORE,hdraw,handicap_draw,3.75,False,-100.0,1.0,6,4.25,3.75,0.16666666666666666,0.16666666666666666,1.6666666666666667,0.35294117647058826,0.16666666666666666,0.6666666666666666
202601176016,2026-01-17,德甲,霍芬海姆,勒沃库森,DRAW_V32_CORE,draw,draw,3.6,False,-100.0,0.0,4,3.6,4.15,0.0,0.0,1.5,0.17142857142857143,0.5,1.0
202601180010,2026-01-18,意甲,博洛尼亚,佛罗伦萨,DRAW_V32_CORE,draw,draw,3.1,False,-100.0,0.25,10,3.1,3.7,0.16666666666666666,0.3333333333333333,1.0,0.3333333333333333,0.5,1.3333333333333333
202601180009,2026-01-18,英超,狼队,纽卡斯尔,DRAW_V32_CORE,draw,draw,3.8,True,280.0,-0.75,,3.8,3.5,0.0,0.16666666666666666,1.5,0.44,0.5,1.0
202601235002,2026-01-23,亚洲杯23,越南23,韩国23,DRAW_V32_CORE,draw,draw,3.65,True,265.0,-0.75,,3.65,3.22,0.3333333333333333,0.16666666666666666,1.3333333333333333,0.4,0.4,1.0
202601246018,2026-01-24,英超,伯恩利,热刺,DRAW_V32_CORE,draw,draw,3.25,True,225.0,-0.5,,3.25,3.45,0.0,0.5,1.3333333333333333,0.15384615384615385,0.6666666666666666,1.0
202601246017,2026-01-24,亚洲杯23,中国23,日本23,DRAW_V32_CORE,draw,draw,3.98,False,-100.0,-0.75,,3.98,3.42,0.16666666666666666,0.0,0.3333333333333333,0.2,0.4,1.5
202601246006,2026-01-24,英超,西汉姆联,桑德兰,DRAW_V32_CORE,draw,draw,3.1,False,-100.0,0.25,14,3.1,3.8,0.16666666666666666,0.0,1.1666666666666667,0.2777777777777778,0.5,1.0
202601250006,2026-01-25,德乙,埃沃斯堡,波鸿,DRAW_V32_CORE,draw,draw,3.4,True,240.0,0.5,,3.4,3.6,0.5,0.0,1.3333333333333333,0.0,0.5,1.0
202601250001,2026-01-25,澳超,西悉尼,珀斯,DRAW_V32_CORE,draw,draw,3.7,False,-100.0,0.5,,3.7,3.65,0.16666666666666666,0.6666666666666666,1.3333333333333333,0.2564102564102564,0.6666666666666666,1.0
202601316020,2026-01-31,英冠,沃特福德,斯旺西,DRAW_V32_CORE,draw,draw,3.18,False,-100.0,0.25,8,3.18,3.35,0.16666666666666666,0.3333333333333333,1.1666666666666667,0.21739130434782608,0.5,1.1666666666666665
202601316007,2026-01-31,英冠,斯托克城,南安普敦,DRAW_V32_CORE,draw,draw,3.15,False,-100.0,0.0,3,3.15,4.25,0.3333333333333333,0.16666666666666666,1.5,0.25,0.8333333333333334,1.3333333333333335
202601316006,2026-01-31,德乙,基尔,菲尔特,DRAW_V32_CORE,draw,draw,3.8,False,-100.0,0.75,,3.8,3.3,0.16666666666666666,0.16666666666666666,1.5,0.3076923076923077,0.6666666666666666,1.0
202601316002,2026-01-31,澳超,悉尼FC,西悉尼,DRAW_V32_CORE,draw,draw,3.46,False,-100.0,-0.25,,3.46,4.6,0.16666666666666666,0.5,1.3333333333333333,0.23809523809523808,0.5,1.3333333333333333
202602010011,2026-02-01,英超,诺丁汉,水晶宫,DRAW_V32_CORE,draw,draw,3.2,True,220.00000000000003,0.25,,3.2,3.35,0.16666666666666666,0.3333333333333333,1.6666666666666667,0.42105263157894735,0.16666666666666666,1.0
202602010009,2026-02-01,英超,维拉,布伦特,DRAW_V32_CORE,draw,draw,3.25,False,-100.0,0.25,,3.25,4.0,0.5,0.0,1.0,0.47058823529411764,0.5,1.3333333333333333
202602054001,2026-02-05,沙职,迈季宽广,欧奈纳伊,DRAW_V32_CORE,draw,draw,3.65,False,-100.0,0.75,,3.65,3.0,0.0,0.3333333333333333,1.5,0.25,0.5,1.1666666666666665
202602076014,2026-02-07,德甲,弗赖堡,不来梅,DRAW_V32_CORE,draw,draw,3.3,False,-100.0,0.25,,3.3,3.8,0.3333333333333333,0.16666666666666666,1.6666666666666667,0.24324324324324326,0.5,1.3333333333333333
202602076005,2026-02-07,德乙,沙尔克04,德累斯顿,DRAW_V32_CORE,draw,draw,3.35,True,235.0,0.5,10,3.35,3.46,0.16666666666666666,0.16666666666666666,1.5,0.16666666666666666,0.6666666666666666,1.0
202602080006,2026-02-08,德乙,比勒费,不伦瑞克,DRAW_V32_CORE,draw,draw,3.35,False,-100.0,0.5,,3.35,3.35,0.16666666666666666,0.0,1.1666666666666667,0.36363636363636365,0.0,1.1666666666666667
202602091001,2026-02-09,亚冠精英,阿布联,吉达国民,DRAW_V32_CORE,draw,draw,3.63,True,263.0,-0.5,,3.63,3.72,0.3333333333333333,0.0,0.16666666666666666,0.3333333333333333,0.6666666666666666,1.0
202602286015,2026-02-28,德甲,霍芬海姆,圣保利,HDRAW_V32_CORE,hdraw,handicap_draw,3.58,False,-100.0,1.0,11,4.15,3.58,0.0,0.16666666666666666,2.0,0.3333333333333333,0.3333333333333333,0.3333333333333333
202602286012,2026-02-28,德甲,勒沃库森,美因茨,DRAW_V32_CORE,draw,draw,3.9,True,290.0,0.75,10,3.9,3.43,0.0,0.16666666666666666,1.5,0.175,0.6666666666666666,1.0
202602286009,2026-02-28,英超,伯恩茅斯,桑德兰,DRAW_V32_CORE,draw,draw,3.5,True,250.0,0.75,2,3.5,3.4,0.3333333333333333,0.16666666666666666,1.6666666666666667,0.2,0.6,1.0
202603021001,2026-03-02,韩职,大田市民,安养FC,DRAW_V32_CORE,draw,draw,3.32,True,231.99999999999997,0.5,,3.32,3.5,0.16666666666666666,0.3333333333333333,1.1666666666666667,0.37142857142857144,0.6666666666666666,1.0
202603080003,2026-03-08,韩职,安养FC,济州SK,DRAW_V32_CORE,draw,draw,3.1,False,-100.0,0.25,,3.1,3.42,0.16666666666666666,0.16666666666666666,0.5,0.1111111111111111,0.5,1.3333333333333335
202603080001,2026-03-08,韩职,金泉尚武,全北现代,DRAW_V32_CORE,draw,draw,3.1,True,210.0,-0.25,1,3.1,3.45,0.16666666666666666,0.16666666666666666,1.3333333333333333,0.2692307692307692,0.6666666666666666,1.1666666666666665
202603146018,2026-03-14,西甲,马竞,赫塔费,DRAW_V32_CORE,draw,draw,3.55,False,-100.0,0.75,,3.55,2.95,0.3333333333333333,0.16666666666666666,0.3333333333333333,0.23404255319148937,0.5,1.0
202603146010,2026-03-14,英冠,考文垂,南安普敦,DRAW_V32_CORE,draw,draw,3.35,False,-100.0,0.5,9,3.35,3.75,0.3333333333333333,0.0,0.6666666666666666,0.48148148148148145,0.3333333333333333,1.0
202603146003,2026-03-14,韩职,光州FC,全北现代,DRAW_V32_CORE,draw,draw,3.15,True,215.0,-0.5,8,3.15,3.22,0.3333333333333333,0.16666666666666666,1.3333333333333333,0.25,0.5,1.5
202603150017,2026-03-15,德甲,不来梅,美因茨,DRAW_V32_CORE,draw,draw,3.25,False,-100.0,0.25,,3.25,3.95,0.0,0.0,1.3333333333333333,0.21621621621621623,0.5,1.1666666666666665
202603150014,2026-03-15,英超,曼联,维拉,DRAW_V32_CORE,draw,draw,3.95,False,-100.0,0.75,,3.95,3.45,0.5,0.0,1.6666666666666667,0.2222222222222222,0.6666666666666666,1.1666666666666665
202603150006,2026-03-15,荷甲,特温特,乌德勒支,DRAW_V32_CORE,draw,draw,3.85,False,-100.0,0.75,5,3.85,3.4,0.16666666666666666,0.16666666666666666,0.6666666666666666,0.2549019607843137,0.5,1.1666666666666665
202603150003,2026-03-15,韩职,济州SK,首尔FC,DRAW_V32_CORE,draw,draw,3.13,False,-100.0,-0.25,,3.13,3.5,0.3333333333333333,0.3333333333333333,1.5,0.296875,0.5,1.3333333333333335
202603183002,2026-03-18,日职,大阪樱花,冈山绿雉,DRAW_V32_CORE,draw,draw,3.3,False,-100.0,0.5,5,3.3,3.21,0.16666666666666666,0.16666666666666666,1.0,0.16666666666666666,0.8333333333333334,1.5
202603216010,2026-03-21,德甲,海登海姆,勒沃库森,HDRAW_V32_CORE,hdraw,handicap_draw,3.8,False,-100.0,-1.25,13,4.65,3.8,0.0,0.0,1.3333333333333333,0.0,0.5,1.5
202603216003,2026-03-21,日职,福冈黄蜂,大阪钢巴,DRAW_V32_CORE,draw,draw,3.35,True,235.0,-0.5,2,3.35,3.12,0.0,0.0,1.6666666666666667,0.2777777777777778,0.8333333333333334,1.1666666666666665
202603216001,2026-03-21,澳超,布里斯班,惠灵顿,DRAW_V32_CORE,draw,draw,3.32,False,-100.0,0.25,,3.32,3.89,0.0,0.3333333333333333,2.0,0.2982456140350877,0.6666666666666666,1.0
202603220015,2026-03-22,德甲,美因茨,法兰克福,DRAW_V32_CORE,draw,draw,3.25,False,-100.0,0.25,5,3.25,4.0,0.0,0.16666666666666666,0.6666666666666666,0.3783783783783784,0.3333333333333333,1.5
202603220013,2026-03-22,英超,维拉,西汉姆联,DRAW_V32_CORE,draw,draw,3.7,False,-100.0,0.75,,3.7,3.45,0.16666666666666666,0.0,1.3333333333333333,0.43137254901960786,0.5,1.3333333333333333
202603220012,2026-03-22,意甲,亚特兰大,维罗纳,HDRAW_V32_CORE,hdraw,handicap_draw,3.6,True,260.0,1.25,13,4.55,3.6,0.0,0.3333333333333333,1.6666666666666667,0.16,0.16666666666666666,0.5
202603220008,2026-03-22,德乙,杜塞多夫,柏林赫塔,DRAW_V32_CORE,draw,draw,3.2,False,-100.0,0.25,,3.2,4.07,0.3333333333333333,0.16666666666666666,1.8333333333333333,0.21428571428571427,0.5,1.0
202603286005,2026-03-28,英甲,雷丁,维冈,DRAW_V32_CORE,draw,draw,3.12,False,-100.0,0.25,,3.12,3.55,0.5,0.0,0.8333333333333334,0.18518518518518517,0.5,1.1666666666666667
202603286001,2026-03-28,日职,町田泽维,川崎前锋,DRAW_V32_CORE,draw,draw,3.8,True,280.0,0.75,,3.8,3.35,0.6666666666666666,0.3333333333333333,1.6666666666666667,0.14285714285714285,0.5,1.0
202604013001,2026-04-01,日职,神户胜利,清水鼓动,DRAW_V32_CORE,draw,draw,3.3,False,-100.0,0.5,,3.3,3.25,0.5,0.0,0.8333333333333334,0.16279069767441862,0.6666666666666666,1.0
202604024002,2026-04-02,澳超,布里斯班,悉尼FC,DRAW_V32_CORE,draw,draw,3.45,True,245.00000000000003,0.0,,3.45,4.2,0.0,0.3333333333333333,1.0,0.29411764705882354,0.6666666666666666,1.1666666666666665
202604035006,2026-04-03,英冠,西布罗姆,雷克斯,DRAW_V32_CORE,draw,draw,3.11,True,211.0,0.25,,3.11,3.7,0.16666666666666666,0.16666666666666666,1.3333333333333333,0.0,1.0,1.0
202604035005,2026-04-03,英冠,诺维奇,朴次茅斯,DRAW_V32_CORE,draw,draw,3.1,True,210.0,0.5,,3.1,3.55,0.3333333333333333,0.6666666666666666,2.1666666666666665,0.375,0.5,1.1666666666666665
202604035003,2026-04-03,英冠,伯明翰,布莱克本,DRAW_V32_CORE,draw,draw,3.6,False,-100.0,0.75,9,3.6,3.12,0.16666666666666666,0.3333333333333333,1.3333333333333333,0.3333333333333333,0.5,1.1666666666666665
202604035002,2026-04-03,英冠,米堡,米尔沃尔,DRAW_V32_CORE,draw,draw,3.82,False,-100.0,0.75,,3.82,3.35,0.0,0.16666666666666666,0.6666666666666666,0.2413793103448276,0.6666666666666666,1.1666666666666665
202604046004,2026-04-04,韩职,江原FC,光州FC,DRAW_V32_CORE,draw,draw,3.38,False,-100.0,0.75,4,3.38,2.94,0.0,0.0,1.5,0.3548387096774194,0.6666666666666666,1.6666666666666665
202604046003,2026-04-04,日职,大阪钢巴,京都,DRAW_V32_CORE,draw,draw,3.15,False,-100.0,0.25,,3.15,3.85,0.16666666666666666,0.3333333333333333,1.0,0.3333333333333333,0.5,1.0
202604050016,2026-04-05,瑞超,厄格里特,马尔默,DRAW_V32_CORE,draw,draw,4.15,True,315.00000000000006,-0.75,,4.15,3.28,0.16666666666666666,0.0,1.0,0.09090909090909091,0.5,1.0
202604050007,2026-04-05,德乙,汉诺威96,埃沃斯堡,DRAW_V32_CORE,draw,draw,3.38,True,238.0,0.25,,3.38,3.95,0.3333333333333333,0.0,1.3333333333333333,0.6666666666666666,0.0,1.1666666666666665
202604061004,2026-04-06,英冠,米尔沃尔,诺维奇,DRAW_V32_CORE,draw,draw,3.32,False,-100.0,0.5,9,3.32,3.65,0.3333333333333333,0.16666666666666666,1.0,0.21739130434782608,0.6666666666666666,1.1666666666666665
202604105001,2026-04-10,澳超,中央海岸,布里斯班,DRAW_V32_CORE,draw,draw,3.6,True,260.0,-0.25,,3.6,3.9,0.0,0.3333333333333333,1.1666666666666667,0.25675675675675674,0.5,1.0
202604116020,2026-04-11,荷甲,乌德勒支,特尔斯达,HDRAW_V32_CORE,hdraw,handicap_draw,3.55,False,-100.0,1.0,11,4.25,3.55,0.0,0.16666666666666666,1.5,0.5,0.0,0.8333333333333333
202604116003,2026-04-11,澳超,纽喷气机,阿德莱德,DRAW_V32_CORE,draw,draw,3.85,True,285.0,0.25,,3.85,4.1,0.5,0.0,1.0,0.23809523809523808,0.8333333333333334,1.0
202604120021,2026-04-12,法甲,图卢兹,里尔,DRAW_V32_CORE,draw,draw,3.15,False,-100.0,-0.25,5,3.15,3.35,0.3333333333333333,0.16666666666666666,1.0,0.3333333333333333,0.5,1.0
202604120012,2026-04-12,英超,诺丁汉,维拉,DRAW_V32_CORE,draw,draw,3.15,True,215.0,0.25,,3.15,3.95,0.16666666666666666,0.16666666666666666,1.0,0.38095238095238093,0.3333333333333333,1.0
202604120009,2026-04-12,西甲,奥萨苏纳,贝蒂斯,DRAW_V32_CORE,draw,draw,3.2,True,220.00000000000003,0.25,,3.2,3.75,0.3333333333333333,0.3333333333333333,0.8333333333333334,0.18421052631578946,0.5,1.0
202604120008,2026-04-12,德乙,埃沃斯堡,沙尔克04,DRAW_V32_CORE,draw,draw,3.3,False,-100.0,0.5,,3.3,3.85,0.16666666666666666,0.0,1.0,0.2,0.6,1.5
202604120002,2026-04-12,日职,川崎前锋,鹿岛鹿角,DRAW_V32_CORE,draw,draw,3.4,False,-100.0,-0.25,5,3.4,3.7,0.16666666666666666,0.0,0.6666666666666666,0.1864406779661017,0.6666666666666666,1.0
202604120001,2026-04-12,澳超,墨尔本城,惠灵顿,DRAW_V32_CORE,draw,draw,3.75,False,-100.0,0.75,,3.75,3.55,0.3333333333333333,0.16666666666666666,1.3333333333333333,0.22916666666666666,0.5,1.3333333333333333
202604186018,2026-04-18,英超,纽卡斯尔,伯恩茅斯,DRAW_V32_CORE,draw,draw,3.5,False,-100.0,0.25,,3.5,4.0,0.16666666666666666,0.0,0.6666666666666666,0.47058823529411764,0.0,1.0
202604186016,2026-04-18,德甲,勒沃库森,奥格斯堡,HDRAW_V32_CORE,hdraw,handicap_draw,3.88,False,-100.0,1.25,8,5.05,3.88,0.16666666666666666,0.16666666666666666,2.0,0.22580645161290322,0.5,1.1666666666666665
202604186014,2026-04-18,德甲,不来梅,汉堡,DRAW_V32_CORE,draw,draw,3.4,False,-100.0,0.5,,3.4,3.35,0.16666666666666666,0.3333333333333333,1.8333333333333333,0.23684210526315788,0.6666666666666666,1.0
202604186008,2026-04-18,英冠,德比郡,牛津联,DRAW_V32_CORE,draw,draw,3.27,False,-100.0,0.5,,3.27,3.4,0.3333333333333333,0.0,1.0,0.2857142857142857,0.6666666666666666,1.5
202604186007,2026-04-18,英超,布伦特,富勒姆,DRAW_V32_CORE,draw,draw,3.5,True,250.0,0.5,,3.5,3.7,0.16666666666666666,0.3333333333333333,1.0,0.22727272727272727,0.5,1.0
202604186003,2026-04-18,日职,大阪樱花,京都,DRAW_V32_CORE,draw,draw,3.38,False,-100.0,0.25,,3.38,3.8,0.3333333333333333,0.3333333333333333,1.3333333333333333,0.35714285714285715,0.5,1.0
202604190017,2026-04-19,挪超,萨普斯堡,特罗姆瑟,DRAW_V32_CORE,draw,draw,3.55,False,-100.0,-0.25,4,3.55,3.55,0.0,0.0,0.16666666666666666,0.17857142857142858,0.5,1.1666666666666665
202604190008,2026-04-19,德乙,菲尔特,达姆施塔,DRAW_V32_CORE,draw,draw,3.45,False,-100.0,-0.25,,3.45,3.8,0.16666666666666666,0.16666666666666666,1.3333333333333333,0.35294117647058826,0.16666666666666666,1.3333333333333333
202604223003,2026-04-22,芬超,库奥皮奥,AC奥卢,DRAW_V32_CORE,draw,draw,3.55,False,-100.0,0.5,,3.55,3.65,0.3333333333333333,0.3333333333333333,1.1666666666666667,0.1,0.5,1.1666666666666667
202604223001,2026-04-22,日职,大阪钢巴,福冈黄蜂,DRAW_V32_CORE,draw,draw,3.3,False,-100.0,0.5,6,3.3,3.4,0.0,0.16666666666666666,1.0,0.3157894736842105,0.6666666666666666,1.1666666666666665