strategy,ticket_date,leg_a,leg_b,combo_odds,is_hit,leg_a_league,leg_a_odds,leg_a_type,leg_b_league,leg_b_odds,leg_b_type,pnl
balanced_selector,2024-09-28,202409286001,202409290008,11.715,False,日职,3.3,draw,意甲,3.55,handicap_draw,-100.0
balanced_selector,2024-09-29,202409290011,202409290012,13.6576,False,西甲,3.52,draw,荷甲,3.88,handicap_draw,-100.0
balanced_selector,2024-10-05,202410056001,202410056002,10.89,False,日乙,3.3,draw,日职,3.3,draw,-100.0
balanced_selector,2024-10-06,202410060005,202410060006,10.85,False,西甲,3.1,draw,瑞超,3.5,draw,-100.0
balanced_selector,2024-10-20,202410200001,202410200003,11.34,False,日乙,3.15,draw,意甲,3.6,draw,-100.0
balanced_selector,2024-10-26,202410266001,202410266002,10.88,False,韩职,3.2,draw,澳超,3.4,draw,-100.0
balanced_selector,2024-11-02,202411026006,202411026009,13.26,False,意甲,3.4,draw,德甲,3.9,handicap_draw,-100.0
balanced_selector,2024-11-03,202411030002,202411030005,12.35,False,意甲,3.25,draw,英超,3.8,draw,-100.0
balanced_selector,2024-11-09,202411096007,202411100006,11.715,True,英超,3.3,draw,意甲,3.55,handicap_draw,1071.5
balanced_selector,2024-11-10,202411100004,202411100005,12.9575,False,日职,3.65,draw,韩职,3.55,draw,-100.0
balanced_selector,2024-11-22,202411236011,202411236020,11.375,False,意甲,3.5,handicap_draw,英超,3.25,draw,-100.0
balanced_selector,2024-11-23,202411236022,202411240001,10.647,False,英冠,3.38,draw,韩职,3.15,draw,-100.0
balanced_selector,2024-11-24,202411240002,202411240012,10.54,False,韩职,3.1,draw,意甲,3.4,draw,-100.0
balanced_selector,2024-11-30,202411306010,202411306014,10.85,True,英冠,3.5,draw,意甲,3.1,draw,985.0
balanced_selector,2024-12-01,202412010002,202412010021,13.5,False,澳超,3.75,draw,法甲,3.6,draw,-100.0
balanced_selector,2024-12-08,202412080007,202412080009,12.6025,True,意甲,3.55,handicap_draw,德乙,3.55,handicap_draw,1160.25
balanced_selector,2024-12-14,202412146008,202412146013,12.775,False,英冠,3.65,draw,意甲,3.5,handicap_draw,-100.0
balanced_selector,2024-12-21,202412220014,202412220023,13.2495,False,英超,3.65,handicap_draw,荷乙,3.63,handicap_draw,-100.0
balanced_selector,2024-12-26,202412264006,202412264012,11.47,False,英超,3.7,handicap_draw,英冠,3.1,draw,-100.0
balanced_selector,2024-12-29,202412290010,202412290011,11.39,False,英超,3.35,draw,英冠,3.4,draw,-100.0
balanced_selector,2025-01-04,202501046006,202501046015,10.752,False,法乙,3.36,draw,英冠,3.2,draw,-100.0
balanced_selector,2025-01-05,202501050001,202501050006,9.92,False,西国王杯,3.1,draw,法甲,3.2,draw,-100.0
balanced_selector,2025-01-10,202501105001,202501116005,12.064,False,澳超,3.77,draw,英足总杯,3.2,draw,-100.0
balanced_selector,2025-01-18,202501190002,202501190007,10.08,False,意甲,3.15,draw,英超,3.2,draw,-100.0
balanced_selector,2025-01-25,202501256004,202501256013,11.5575,False,意甲,3.45,draw,英超,3.35,draw,-100.0
balanced_selector,2025-02-08,202502086009,202502090002,11.375,False,英足总杯,3.25,draw,意甲,3.5,draw,-100.0
balanced_selector,2025-02-14,202502145002,202502156007,11.36,False,日职,3.2,draw,意甲,3.55,handicap_draw,-100.0
balanced_selector,2025-02-15,202502156001,202502156011,13.167,False,日职,3.42,draw,英超,3.85,handicap_draw,-100.0
balanced_selector,2025-02-22,202502226012,202502230008,12.88,False,英超,3.5,handicap_draw,荷甲,3.68,handicap_draw,-100.0
balanced_selector,2025-02-23,202502230004,202502230011,10.304,False,韩职,3.2,draw,法甲,3.22,draw,-100.0
balanced_selector,2025-03-01,202503016003,202503016005,11.2125,False,韩职,3.25,draw,日职,3.45,draw,-100.0
balanced_selector,2025-03-02,202503020001,202503020003,11.2,False,日职,3.2,draw,韩职,3.5,draw,-100.0
balanced_selector,2025-03-08,202503086007,202503090009,12.42,False,德乙,3.45,draw,荷甲,3.6,handicap_draw,-100.0
balanced_selector,2025-03-09,202503090002,202503090007,10.54,False,日乙,3.1,draw,意甲,3.4,draw,-100.0
balanced_selector,2025-03-15,202503156016,202503156020,10.773,False,英超,3.42,draw,英冠,3.15,draw,-100.0
balanced_selector,2025-03-16,202503160001,202503160019,10.758,True,日职,3.26,draw,荷甲,3.3,draw,975.8
balanced_selector,2025-03-26,202503263005,202503263007,11.78,False,日联赛杯,3.1,draw,日联赛杯,3.8,draw,-100.0
balanced_selector,2025-03-28,202503285001,202503296003,10.66,False,日职,3.25,draw,韩职,3.28,draw,-100.0
balanced_selector,2025-03-29,202503296006,202503296012,11.715,False,日职,3.3,draw,意甲,3.55,draw,-100.0
balanced_selector,2025-03-30,202503300002,202503300006,10.4,False,日乙,3.2,draw,韩职,3.25,draw,-100.0
balanced_selector,2025-04-05,202504056001,202504056012,11.346,True,日乙,3.1,draw,德甲,3.66,handicap_draw,1034.6
balanced_selector,2025-04-06,202504060011,202504060021,11.22,False,英超,3.4,draw,法甲,3.3,draw,-100.0
balanced_selector,2025-04-09,202504093001,202504093002,10.988,True,日职,3.35,draw,日联赛杯,3.28,draw,998.8
balanced_selector,2025-04-12,202504126008,202504126011,11.88,False,意甲,3.3,draw,德甲,3.6,handicap_draw,-100.0
balanced_selector,2025-04-13,202504130003,202504130005,11.725,False,韩职,3.5,draw,意甲,3.35,draw,-100.0
balanced_selector,2025-04-18,202504185003,202504196006,12.58,False,英冠,3.4,draw,德甲,3.7,draw,-100.0
balanced_selector,2025-04-19,202504200002,202504200015,11.27,False,日职,3.22,draw,法甲,3.5,handicap_draw,-100.0
balanced_selector,2025-04-20,202504200003,202504200016,11.16,False,日职,3.6,draw,法甲,3.1,draw,-100.0
balanced_selector,2025-04-26,202504266013,202504266015,9.796,False,英冠,3.1,draw,葡超,3.16,draw,-100.0
balanced_selector,2025-04-27,202504270002,202504270013,12.075,False,荷甲,3.45,draw,意甲,3.5,draw,-100.0
balanced_selector,2025-05-03,202505036009,202505036012,10.23,False,英冠,3.3,draw,意甲,3.1,draw,-100.0
balanced_selector,2025-05-04,202505040015,202505051001,12.2475,False,德甲,3.55,draw,韩职,3.45,draw,-100.0
balanced_selector,2025-05-11,202505110001,202505110006,11.946,False,日职,3.3,draw,瑞超,3.62,handicap_draw,-100.0
balanced_selector,2025-05-17,202505176001,202505180003,10.395,False,日职,3.3,draw,日乙,3.15,draw,-100.0
balanced_selector,2025-05-18,202505180016,202505180017,12.2275,False,英超,3.65,draw,瑞超,3.35,draw,-100.0
balanced_selector,2025-05-23,202505235002,202505246002,10.08,False,韩职,3.2,draw,日职,3.15,draw,-100.0
balanced_selector,2025-05-24,202505246005,202505250005,11.7,False,瑞超,3.25,draw,西甲,3.6,draw,-100.0
balanced_selector,2025-05-25,202505250009,202505250011,13.8,False,西甲,4.0,draw,瑞超,3.45,draw,-100.0
balanced_selector,2025-05-31,202505316001,202505316003,10.85,False,日职,3.1,draw,日乙,3.5,draw,-100.0
balanced_selector,2025-06-01,202506010006,202506010010,9.858,False,韩职,3.1,draw,挪超,3.18,draw,-100.0
balanced_selector,2025-06-04,202506043004,202506054002,13.3245,False,日联赛杯,3.15,draw,世预赛,4.23,draw,-100.0
balanced_selector,2025-06-08,202506080002,202506080003,12.87,False,日乙,3.9,draw,日联赛杯,3.3,draw,-100.0
balanced_selector,2025-06-17,202506172002,202506183002,12.025,False,韩职,3.7,draw,韩职,3.25,draw,-100.0
balanced_selector,2025-06-21,202506216007,202506216011,11.56,False,日职,3.4,draw,日乙,3.4,draw,-100.0
balanced_selector,2025-06-27,202506275002,202506275003,12.264,False,韩职,3.36,draw,芬超,3.65,draw,-100.0
balanced_selector,2025-06-28,202506286002,202506290008,10.7985,False,日乙,3.45,draw,瑞超,3.13,draw,-100.0
balanced_selector,2025-07-05,202507056011,202507060005,11.05,True,瑞超,3.25,draw,挪超,3.4,draw,1005.0
balanced_selector,2025-07-12,202507126007,202507130003,11.1435,False,日乙,3.45,draw,瑞超,3.23,draw,-100.0
balanced_selector,2025-07-13,202507130005,202507130008,12.35,False,挪超,3.25,draw,瑞超,3.8,draw,-100.0
balanced_selector,2025-07-15,202507152002,202507163003,11.375,False,东亚锦,3.25,draw,日天皇杯,3.5,draw,-100.0
balanced_selector,2025-07-20,202507200003,202507200012,11.6245,False,日职,3.47,draw,瑞超,3.35,draw,-100.0
balanced_selector,2025-07-26,202507266001,202507270011,11.715,False,韩职,3.3,draw,瑞超,3.55,handicap_draw,-100.0
balanced_selector,2025-07-27,202507270005,202507270008,10.812,False,瑞超,3.4,draw,挪超,3.18,draw,-100.0
balanced_selector,2025-08-02,202508026001,202508030013,12.321,False,日乙,3.33,draw,挪超,3.7,draw,-100.0
balanced_selector,2025-08-03,202508030001,202508030002,12.87,False,日乙,3.3,draw,德乙,3.9,draw,-100.0
balanced_selector,2025-08-09,202508096008,202508100016,12.765,False,瑞超,3.45,draw,挪超,3.7,handicap_draw,-100.0
balanced_selector,2025-08-10,202508100012,202508100017,10.5794,True,瑞超,3.38,draw,挪超,3.13,draw,957.94
balanced_selector,2025-08-16,202508166005,202508166015,12.118,False,韩职,3.65,handicap_draw,葡超,3.32,draw,-100.0
balanced_selector,2025-08-17,202508170012,202508170015,10.9824,False,英冠,3.12,draw,瑞超,3.52,draw,-100.0
balanced_selector,2025-08-23,202508236001,202508240007,12.663,False,日职,3.35,draw,荷甲,3.78,handicap_draw,-100.0
balanced_selector,2025-08-30,202508306003,202508306009,11.765,False,日乙,3.25,draw,瑞超,3.62,handicap_draw,-100.0
balanced_selector,2025-08-31,202508310001,202508310028,12.75,False,日职,3.4,draw,德甲,3.75,handicap_draw,-100.0
balanced_selector,2025-09-06,202509066002,202509070002,11.68,False,英甲,3.2,draw,日联赛杯,3.65,handicap_draw,-100.0
balanced_selector,2025-09-13,202509136003,202509140013,12.6025,False,日职,3.55,draw,意甲,3.55,handicap_draw,-100.0
balanced_selector,2025-09-20,202509206009,202509210007,13.32,False,英超,3.6,handicap_draw,瑞超,3.7,handicap_draw,-100.0
balanced_selector,2025-09-21,202509210002,202509210015,13.125,False,韩职,3.5,draw,德甲,3.75,handicap_draw,-100.0
balanced_selector,2025-09-23,202509232002,202509232003,10.395,False,日职,3.3,draw,日职,3.15,draw,-100.0
balanced_selector,2025-09-27,202509276004,202509276015,11.04,False,韩职,3.2,draw,法乙,3.45,draw,-100.0
balanced_selector,2025-09-28,202509280001,202509280006,12.213,False,日乙,3.54,draw,日职,3.45,draw,-100.0
balanced_selector,2025-10-05,202510050010,202510050019,11.658,False,德乙,3.35,draw,法甲,3.48,draw,-100.0
balanced_selector,2025-10-11,202510116003,202510116004,13.328,False,英甲,3.92,draw,英甲,3.4,draw,-100.0
balanced_selector,2025-10-17,202510186004,202510186022,9.672,False,韩职,3.12,draw,英超,3.1,draw,-100.0
balanced_selector,2025-10-18,202510186025,202510190002,10.458,False,英冠,3.15,draw,日乙,3.32,draw,-100.0
balanced_selector,2025-10-19,202510190003,202510190006,11.2455,False,日职,3.57,draw,意甲,3.15,draw,-100.0
balanced_selector,2025-10-25,202510256012,202510260016,13.3176,False,英冠,3.58,handicap_draw,英超,3.72,handicap_draw,-100.0
balanced_selector,2025-10-26,202510260001,202510260003,10.5525,False,日乙,3.35,draw,韩职,3.15,draw,-100.0
balanced_selector,2025-10-31,202510315003,202511016003,11.286,False,沙职,3.3,draw,韩职,3.42,draw,-100.0
balanced_selector,2025-11-01,202511016006,202511020008,11.776,False,韩职,3.2,draw,意甲,3.68,handicap_draw,-100.0
balanced_selector,2025-11-02,202511020002,202511020021,12.025,False,日乙,3.7,draw,意甲,3.25,draw,-100.0
balanced_selector,2025-11-07,202511075003,202511086015,11.39,False,沙职,3.35,draw,英冠,3.4,draw,-100.0
balanced_selector,2025-11-08,202511086028,202511090002,12.5925,False,沙职,3.45,draw,日职,3.65,draw,-100.0
balanced_selector,2025-11-09,202511090003,202511090006,10.3648,False,日职,3.28,draw,韩职,3.16,draw,-100.0
balanced_selector,2025-11-15,202511156004,202511156006,12.395,False,英甲,3.35,draw,英甲,3.7,draw,-100.0
balanced_selector,2025-11-22,202511226011,202511230027,12.567,False,英超,3.55,handicap_draw,荷甲,3.54,handicap_draw,-100.0
balanced_selector,2025-11-23,202511230001,202511230022,12.709,False,日乙,3.58,draw,意甲,3.55,draw,-100.0
balanced_selector,2025-11-25,202511252002,202511263001,13.4,False,亚冠精英,4.0,draw,亚冠精英,3.35,draw,-100.0
balanced_selector,2025-11-28,202511296003,202511296010,11.9025,False,日乙,3.45,draw,德乙,3.45,draw,-100.0
balanced_selector,2025-11-29,202511296005,202511296011,12.24,False,日乙,3.4,draw,德乙,3.6,draw,-100.0
balanced_selector,2025-11-30,202511300005,202511300006,12.775,False,日职,3.65,draw,韩职,3.5,draw,-100.0
balanced_selector,2025-12-05,202512066006,202512066017,10.5525,False,日职,3.35,draw,意甲,3.15,draw,-100.0
balanced_selector,2025-12-06,202512070001,202512070003,10.208,False,日乙,3.2,draw,韩职,3.19,draw,-100.0
balanced_selector,2025-12-07,202512070005,202512070008,10.24,True,荷甲,3.2,draw,德乙,3.2,draw,924.0
balanced_selector,2025-12-12,202512136006,202512136011,11.52,True,德乙,3.6,draw,法乙,3.2,draw,1052.0
balanced_selector,2025-12-13,202512140005,202512140019,10.725,False,德乙,3.3,draw,荷甲,3.25,draw,-100.0
balanced_selector,2025-12-19,202512195002,202512206024,10.395,False,澳超,3.3,draw,西甲,3.15,draw,-100.0
balanced_selector,2025-12-20,202512210003,202512210018,12.915,False,德乙,3.15,draw,荷甲,4.1,draw,-100.0
balanced_selector,2025-12-26,202512276006,202512276011,10.23,False,意甲,3.1,draw,英超,3.3,draw,-100.0
balanced_selector,2025-12-27,202512276001,202512280003,11.151,False,澳超,3.54,draw,非洲杯,3.15,draw,-100.0
balanced_selector,2026-01-01,202601014005,202601014018,9.672,False,英冠,3.1,draw,英甲,3.12,draw,-100.0
balanced_selector,2026-01-03,202601036003,202601036011,10.54,False,意甲,3.4,draw,英超,3.1,draw,-100.0
balanced_selector,2026-01-04,202601040003,202601040006,11.7,False,英冠,3.25,draw,西甲,3.6,draw,-100.0
balanced_selector,2026-01-09,202601095004,202601106010,11.05,False,沙职,3.4,draw,意甲,3.25,draw,-100.0
balanced_selector,2026-01-10,202601106017,202601106020,10.385,False,沙职,3.1,draw,英足总杯,3.35,draw,-100.0
balanced_selector,2026-01-11,202601110011,202601110013,9.765,True,亚洲杯23,3.1,draw,意甲,3.15,draw,876.5
balanced_selector,2026-01-16,202601165002,202601176024,12.5625,False,澳超,3.35,draw,荷甲,3.75,handicap_draw,-100.0
balanced_selector,2026-01-17,202601180009,202601180010,11.78,False,英超,3.8,draw,意甲,3.1,draw,-100.0
balanced_selector,2026-01-23,202601235002,202601246006,11.315,False,亚洲杯23,3.65,draw,英超,3.1,draw,-100.0
balanced_selector,2026-01-24,202601246018,202601250006,11.05,True,英超,3.25,draw,德乙,3.4,draw,1005.0
balanced_selector,2026-01-31,202601316007,202602010009,10.2375,False,英冠,3.15,draw,英超,3.25,draw,-100.0
balanced_selector,2026-02-07,202602076005,202602076014,11.055,False,德乙,3.35,draw,德甲,3.3,draw,-100.0
balanced_selector,2026-02-08,202602080006,202602091001,12.1605,False,德乙,3.35,draw,亚冠精英,3.63,draw,-100.0
balanced_selector,2026-02-28,202602286009,202602286015,12.53,False,英超,3.5,draw,德甲,3.58,handicap_draw,-100.0
balanced_selector,2026-03-08,202603080001,202603080003,9.61,False,韩职,3.1,draw,韩职,3.1,draw,-100.0
balanced_selector,2026-03-14,202603146003,202603146010,10.5525,False,韩职,3.15,draw,英冠,3.35,draw,-100.0
balanced_selector,2026-03-15,202603150003,202603150006,12.0505,False,韩职,3.13,draw,荷甲,3.85,draw,-100.0
balanced_selector,2026-03-21,202603216003,202603220012,12.06,True,日职,3.35,draw,意甲,3.6,handicap_draw,1106.0
balanced_selector,2026-03-22,202603220008,202603220013,11.84,False,德乙,3.2,draw,英超,3.7,draw,-100.0
balanced_selector,2026-03-28,202603286001,202603286005,11.856,False,日职,3.8,draw,英甲,3.12,draw,-100.0
balanced_selector,2026-04-01,202604013001,202604024002,11.385,False,日职,3.3,draw,澳超,3.45,draw,-100.0
balanced_selector,2026-04-02,202604035003,202604035005,11.16,False,英冠,3.6,draw,英冠,3.1,draw,-100.0
balanced_selector,2026-04-03,202604035006,202604046003,9.7965,False,英冠,3.11,draw,日职,3.15,draw,-100.0
balanced_selector,2026-04-04,202604046004,202604050007,11.4244,False,韩职,3.38,draw,德乙,3.38,draw,-100.0
balanced_selector,2026-04-05,202604050016,202604061004,13.778,False,瑞超,4.15,draw,英冠,3.32,draw,-100.0
balanced_selector,2026-04-10,202604105001,202604116020,12.78,False,澳超,3.6,draw,荷甲,3.55,handicap_draw,-100.0
balanced_selector,2026-04-11,202604120002,202604120008,11.22,False,日职,3.4,draw,德乙,3.3,draw,-100.0
balanced_selector,2026-04-12,202604120009,202604120012,10.08,True,西甲,3.2,draw,英超,3.15,draw,908.0
balanced_selector,2026-04-18,202604186003,202604186016,13.1144,False,日职,3.38,draw,德甲,3.88,handicap_draw,-100.0
balanced_selector,2026-04-19,202604190008,202604190017,12.2475,False,德乙,3.45,draw,挪超,3.55,draw,-100.0
balanced_selector,2026-04-22,202604223001,202604223003,11.715,False,日职,3.3,draw,芬超,3.55,draw,-100.0
conservative_selector,2024-09-28,202409286001,202409286015,10.494,False,日职,3.3,draw,英冠,3.18,draw,-100.0
conservative_selector,2024-09-29,202409290008,202409290011,12.496,True,意甲,3.55,handicap_draw,西甲,3.52,draw,1149.6
conservative_selector,2024-10-05,202410056001,202410056002,10.89,False,日乙,3.3,draw,日职,3.3,draw,-100.0
conservative_selector,2024-10-06,202410060005,202410060006,10.85,False,西甲,3.1,draw,瑞超,3.5,draw,-100.0
conservative_selector,2024-10-20,202410200001,202410200003,11.34,False,日乙,3.15,draw,意甲,3.6,draw,-100.0
conservative_selector,2024-10-26,202410266001,202410266002,10.88,False,韩职,3.2,draw,澳超,3.4,draw,-100.0
conservative_selector,2024-11-02,202411026009,202411026012,12.363,False,德甲,3.9,handicap_draw,英超,3.17,draw,-100.0
conservative_selector,2024-11-03,202411030002,202411030005,12.35,False,意甲,3.25,draw,英超,3.8,draw,-100.0
conservative_selector,2024-11-10,202411100005,202411100006,12.6025,False,韩职,3.55,draw,意甲,3.55,handicap_draw,-100.0
conservative_selector,2024-11-23,202411236011,202411236020,11.375,False,意甲,3.5,handicap_draw,英超,3.25,draw,-100.0
conservative_selector,2024-11-24,202411240001,202411240012,10.71,False,韩职,3.15,draw,意甲,3.4,draw,-100.0
conservative_selector,2024-11-30,202411306010,202411306014,10.85,True,英冠,3.5,draw,意甲,3.1,draw,985.0
conservative_selector,2024-12-08,202412080007,202412080009,12.6025,True,意甲,3.55,handicap_draw,德乙,3.55,handicap_draw,1160.25
conservative_selector,2024-12-14,202412146008,202412146013,12.775,False,英冠,3.65,draw,意甲,3.5,handicap_draw,-100.0
conservative_selector,2024-12-21,202412216009,202412216030,12.58,False,英冠,3.4,draw,荷乙,3.7,handicap_draw,-100.0
conservative_selector,2024-12-26,202412264006,202412264012,11.47,False,英超,3.7,handicap_draw,英冠,3.1,draw,-100.0
conservative_selector,2024-12-29,202412290010,202412290011,11.39,False,英超,3.35,draw,英冠,3.4,draw,-100.0
conservative_selector,2025-01-04,202501046006,202501046015,10.752,False,法乙,3.36,draw,英冠,3.2,draw,-100.0
conservative_selector,2025-01-05,202501050001,202501050006,9.92,False,西国王杯,3.1,draw,法甲,3.2,draw,-100.0
conservative_selector,2025-01-11,202501116005,202501116017,11.04,False,英足总杯,3.2,draw,英足总杯,3.45,draw,-100.0
conservative_selector,2025-01-19,202501190002,202501190007,10.08,False,意甲,3.15,draw,英超,3.2,draw,-100.0
conservative_selector,2025-01-25,202501256004,202501256013,11.5575,False,意甲,3.45,draw,英超,3.35,draw,-100.0
conservative_selector,2025-02-08,202502086007,202502086009,11.2125,False,德甲,3.45,draw,英足总杯,3.25,draw,-100.0
conservative_selector,2025-02-15,202502156007,202502156009,12.425,False,意甲,3.55,handicap_draw,德甲,3.5,handicap_draw,-100.0
conservative_selector,2025-02-22,202502226009,202502226012,12.425,False,德甲,3.55,draw,英超,3.5,handicap_draw,-100.0
conservative_selector,2025-02-23,202502230004,202502230008,11.776,False,韩职,3.2,draw,荷甲,3.68,handicap_draw,-100.0
conservative_selector,2025-03-01,202503016003,202503016005,11.2125,False,韩职,3.25,draw,日职,3.45,draw,-100.0
conservative_selector,2025-03-02,202503020003,202503020010,10.85,False,韩职,3.5,draw,意甲,3.1,draw,-100.0
conservative_selector,2025-03-08,202503086007,202503086016,11.73,False,德乙,3.45,draw,德甲,3.4,draw,-100.0
conservative_selector,2025-03-09,202503090002,202503090009,11.16,False,日乙,3.1,draw,荷甲,3.6,handicap_draw,-100.0
conservative_selector,2025-03-15,202503156016,202503156020,10.773,False,英超,3.42,draw,英冠,3.15,draw,-100.0
conservative_selector,2025-03-16,202503160001,202503160019,10.758,True,日职,3.26,draw,荷甲,3.3,draw,975.8
conservative_selector,2025-03-26,202503263005,202503263007,11.78,False,日联赛杯,3.1,draw,日联赛杯,3.8,draw,-100.0
conservative_selector,2025-03-29,202503296003,202503296012,11.644,False,韩职,3.28,draw,意甲,3.55,draw,-100.0
conservative_selector,2025-03-30,202503300002,202503300006,10.4,False,日乙,3.2,draw,韩职,3.25,draw,-100.0
conservative_selector,2025-04-05,202504056001,202504056012,11.346,True,日乙,3.1,draw,德甲,3.66,handicap_draw,1034.6
conservative_selector,2025-04-06,202504060011,202504060021,11.22,False,英超,3.4,draw,法甲,3.3,draw,-100.0
conservative_selector,2025-04-09,202504093002,202504093006,10.824,False,日联赛杯,3.28,draw,韩职,3.3,draw,-100.0
conservative_selector,2025-04-12,202504126008,202504126011,11.88,False,意甲,3.3,draw,德甲,3.6,handicap_draw,-100.0
conservative_selector,2025-04-13,202504130003,202504130005,11.725,False,韩职,3.5,draw,意甲,3.35,draw,-100.0
conservative_selector,2025-04-20,202504200002,202504200015,11.27,False,日职,3.22,draw,法甲,3.5,handicap_draw,-100.0
conservative_selector,2025-04-26,202504266013,202504266015,9.796,False,英冠,3.1,draw,葡超,3.16,draw,-100.0
conservative_selector,2025-04-27,202504270002,202504270013,12.075,False,荷甲,3.45,draw,意甲,3.5,draw,-100.0
conservative_selector,2025-05-03,202505036009,202505036012,10.23,False,英冠,3.3,draw,意甲,3.1,draw,-100.0
conservative_selector,2025-05-11,202505110001,202505110006,11.946,False,日职,3.3,draw,瑞超,3.62,handicap_draw,-100.0
conservative_selector,2025-05-18,202505180003,202505180016,11.4975,False,日乙,3.15,draw,英超,3.65,draw,-100.0
conservative_selector,2025-05-24,202505246002,202505246005,10.2375,False,日职,3.15,draw,瑞超,3.25,draw,-100.0
conservative_selector,2025-05-25,202505250005,202505250011,12.42,False,西甲,3.6,draw,瑞超,3.45,draw,-100.0
conservative_selector,2025-05-31,202505316003,202505316015,12.6,False,日乙,3.5,draw,瑞超,3.6,draw,-100.0
conservative_selector,2025-06-01,202506010006,202506010010,9.858,False,韩职,3.1,draw,挪超,3.18,draw,-100.0
conservative_selector,2025-06-04,202506043001,202506043004,10.8675,False,日联赛杯,3.45,draw,日联赛杯,3.15,draw,-100.0
conservative_selector,2025-06-21,202506216011,202506216014,11.05,False,日乙,3.4,draw,韩职,3.25,draw,-100.0
conservative_selector,2025-06-27,202506275002,202506275003,12.264,False,韩职,3.36,draw,芬超,3.65,draw,-100.0
conservative_selector,2025-06-28,202506286002,202506286005,12.42,False,日乙,3.45,draw,日乙,3.6,draw,-100.0
conservative_selector,2025-06-29,202506290008,202506290011,10.329,False,瑞超,3.13,draw,挪超,3.3,draw,-100.0
conservative_selector,2025-07-13,202507130003,202507130005,10.4975,False,瑞超,3.23,draw,挪超,3.25,draw,-100.0
conservative_selector,2025-07-20,202507200003,202507200012,11.6245,False,日职,3.47,draw,瑞超,3.35,draw,-100.0
conservative_selector,2025-07-26,202507266001,202507266009,11.055,False,韩职,3.3,draw,挪超,3.35,draw,-100.0
conservative_selector,2025-07-27,202507270008,202507270011,11.289,False,挪超,3.18,draw,瑞超,3.55,handicap_draw,-100.0
conservative_selector,2025-08-02,202508026001,202508026003,10.8225,False,日乙,3.33,draw,日乙,3.25,draw,-100.0
conservative_selector,2025-08-03,202508030001,202508030013,12.21,False,日乙,3.3,draw,挪超,3.7,draw,-100.0
conservative_selector,2025-08-10,202508100012,202508100016,12.506,False,瑞超,3.38,draw,挪超,3.7,handicap_draw,-100.0
conservative_selector,2025-08-16,202508166005,202508166015,12.118,False,韩职,3.65,handicap_draw,葡超,3.32,draw,-100.0
conservative_selector,2025-08-17,202508170012,202508170015,10.9824,False,英冠,3.12,draw,瑞超,3.52,draw,-100.0
conservative_selector,2025-08-23,202508236001,202508236015,12.06,False,日职,3.35,draw,英超,3.6,draw,-100.0
conservative_selector,2025-08-30,202508306003,202508306009,11.765,False,日乙,3.25,draw,瑞超,3.62,handicap_draw,-100.0
conservative_selector,2025-08-31,202508310024,202508310028,12.5625,False,法甲,3.35,draw,德甲,3.75,handicap_draw,-100.0
conservative_selector,2025-09-06,202509066002,202509066005,10.176,False,英甲,3.2,draw,英甲,3.18,draw,-100.0
conservative_selector,2025-09-13,202509136007,202509136016,11.39,False,英冠,3.35,draw,英超,3.4,draw,-100.0
conservative_selector,2025-09-20,202509206007,202509206009,11.34,False,日乙,3.15,draw,英超,3.6,handicap_draw,-100.0
conservative_selector,2025-09-21,202509210007,202509210010,11.914,False,瑞超,3.7,handicap_draw,英超,3.22,draw,-100.0
conservative_selector,2025-09-27,202509276004,202509276015,11.04,False,韩职,3.2,draw,法乙,3.45,draw,-100.0
conservative_selector,2025-09-28,202509280001,202509280015,11.2572,False,日乙,3.54,draw,英超,3.18,draw,-100.0
conservative_selector,2025-10-05,202510050010,202510050019,11.658,False,德乙,3.35,draw,法甲,3.48,draw,-100.0
conservative_selector,2025-10-18,202510186004,202510186022,9.672,False,韩职,3.12,draw,英超,3.1,draw,-100.0
conservative_selector,2025-10-19,202510190002,202510190006,10.458,False,日乙,3.32,draw,意甲,3.15,draw,-100.0
conservative_selector,2025-10-25,202510256012,202510256013,11.814,False,英冠,3.58,handicap_draw,西甲,3.3,draw,-100.0
conservative_selector,2025-10-26,202510260001,202510260016,12.462,False,日乙,3.35,draw,英超,3.72,handicap_draw,-100.0
conservative_selector,2025-10-31,202510315001,202510315003,10.89,False,澳超,3.3,draw,沙职,3.3,draw,-100.0
conservative_selector,2025-11-01,202511016003,202511016011,11.97,False,韩职,3.42,draw,英冠,3.5,draw,-100.0
conservative_selector,2025-11-02,202511020008,202511020024,12.5488,False,意甲,3.68,handicap_draw,德甲,3.41,draw,-100.0
conservative_selector,2025-11-08,202511086015,202511086028,11.73,False,英冠,3.4,draw,沙职,3.45,draw,-100.0
conservative_selector,2025-11-09,202511090006,202511090014,10.902,False,韩职,3.16,draw,西甲,3.45,draw,-100.0
conservative_selector,2025-11-15,202511156004,202511156006,12.395,False,英甲,3.35,draw,英甲,3.7,draw,-100.0
conservative_selector,2025-11-22,202511226005,202511226011,11.076,False,韩职,3.12,draw,英超,3.55,handicap_draw,-100.0
conservative_selector,2025-11-23,202511230001,202511230027,12.6732,False,日乙,3.58,draw,荷甲,3.54,handicap_draw,-100.0
conservative_selector,2025-11-29,202511296003,202511296010,11.9025,False,日乙,3.45,draw,德乙,3.45,draw,-100.0
conservative_selector,2025-11-30,202511300006,202511300030,12.775,False,韩职,3.5,draw,荷甲,3.65,draw,-100.0
conservative_selector,2025-12-06,202512066014,202512066017,11.8125,False,英冠,3.75,draw,意甲,3.15,draw,-100.0
conservative_selector,2025-12-07,202512070001,202512070003,10.208,False,日乙,3.2,draw,韩职,3.19,draw,-100.0
conservative_selector,2025-12-13,202512136006,202512136011,11.52,True,德乙,3.6,draw,法乙,3.2,draw,1052.0
conservative_selector,2025-12-14,202512140005,202512140019,10.725,False,德乙,3.3,draw,荷甲,3.25,draw,-100.0
conservative_selector,2025-12-27,202512276006,202512276011,10.23,False,意甲,3.1,draw,英超,3.3,draw,-100.0
conservative_selector,2026-01-01,202601014005,202601014018,9.672,False,英冠,3.1,draw,英甲,3.12,draw,-100.0
conservative_selector,2026-01-03,202601036003,202601036011,10.54,False,意甲,3.4,draw,英超,3.1,draw,-100.0
conservative_selector,2026-01-04,202601040003,202601040006,11.7,False,英冠,3.25,draw,西甲,3.6,draw,-100.0
conservative_selector,2026-01-10,202601106010,202601106017,10.075,True,意甲,3.25,draw,沙职,3.1,draw,907.5
conservative_selector,2026-01-11,202601110011,202601110013,9.765,True,亚洲杯23,3.1,draw,意甲,3.15,draw,876.5
conservative_selector,2026-01-18,202601180009,202601180010,11.78,False,英超,3.8,draw,意甲,3.1,draw,-100.0
conservative_selector,2026-01-24,202601246006,202601246017,12.338,False,英超,3.1,draw,亚洲杯23,3.98,draw,-100.0
conservative_selector,2026-01-25,202601250001,202601250006,12.58,False,澳超,3.7,draw,德乙,3.4,draw,-100.0
conservative_selector,2026-01-31,202601316006,202601316007,11.97,False,德乙,3.8,draw,英冠,3.15,draw,-100.0
conservative_selector,2026-02-01,202602010009,202602010011,10.4,False,英超,3.25,draw,英超,3.2,draw,-100.0
conservative_selector,2026-02-07,202602076005,202602076014,11.055,False,德乙,3.35,draw,德甲,3.3,draw,-100.0
conservative_selector,2026-02-28,202602286009,202602286015,12.53,False,英超,3.5,draw,德甲,3.58,handicap_draw,-100.0
conservative_selector,2026-03-08,202603080001,202603080003,9.61,False,韩职,3.1,draw,韩职,3.1,draw,-100.0
conservative_selector,2026-03-14,202603146003,202603146010,10.5525,False,韩职,3.15,draw,英冠,3.35,draw,-100.0
conservative_selector,2026-03-15,202603150003,202603150006,12.0505,False,韩职,3.13,draw,荷甲,3.85,draw,-100.0
conservative_selector,2026-03-22,202603220008,202603220012,11.52,False,德乙,3.2,draw,意甲,3.6,handicap_draw,-100.0
conservative_selector,2026-03-28,202603286001,202603286005,11.856,False,日职,3.8,draw,英甲,3.12,draw,-100.0
conservative_selector,2026-04-03,202604035003,202604035005,11.16,False,英冠,3.6,draw,英冠,3.1,draw,-100.0
conservative_selector,2026-04-04,202604046003,202604046004,10.647,False,日职,3.15,draw,韩职,3.38,draw,-100.0
conservative_selector,2026-04-12,202604120008,202604120009,10.56,False,德乙,3.3,draw,西甲,3.2,draw,-100.0
conservative_selector,2026-04-18,202604186008,202604186016,12.6876,False,英冠,3.27,draw,德甲,3.88,handicap_draw,-100.0
conservative_selector,2026-04-19,202604190008,202604190017,12.2475,False,德乙,3.45,draw,挪超,3.55,draw,-100.0
conservative_selector,2026-04-22,202604223001,202604223003,11.715,False,日职,3.3,draw,芬超,3.55,draw,-100.0
frequency_selector,2024-09-28,202409290008,202409290012,13.774,False,意甲,3.55,handicap_draw,荷甲,3.88,handicap_draw,-100.0
frequency_selector,2024-10-05,202410056001,202410060006,11.55,False,日乙,3.3,draw,瑞超,3.5,draw,-100.0
frequency_selector,2024-10-06,202410060005,202410060012,11.532,False,西甲,3.1,draw,英冠,3.72,draw,-100.0
frequency_selector,2024-10-20,202410200001,202410200003,11.34,False,日乙,3.15,draw,意甲,3.6,draw,-100.0
frequency_selector,2024-10-26,202410266001,202410266002,10.88,False,韩职,3.2,draw,澳超,3.4,draw,-100.0
frequency_selector,2024-11-02,202411026006,202411026009,13.26,False,意甲,3.4,draw,德甲,3.9,handicap_draw,-100.0
frequency_selector,2024-11-03,202411030002,202411030005,12.35,False,意甲,3.25,draw,英超,3.8,draw,-100.0
frequency_selector,2024-11-09,202411100004,202411100006,12.9575,False,日职,3.65,draw,意甲,3.55,handicap_draw,-100.0
frequency_selector,2024-11-10,202411100005,202411100008,11.1825,False,韩职,3.55,draw,西甲,3.15,draw,-100.0
frequency_selector,2024-11-22,202411236011,202411236022,11.83,False,意甲,3.5,handicap_draw,英冠,3.38,draw,-100.0
frequency_selector,2024-11-23,202411240012,202411240016,11.56,False,意甲,3.4,draw,英冠,3.4,draw,-100.0
frequency_selector,2024-11-24,202411240001,202411240013,10.458,False,韩职,3.15,draw,法甲,3.32,draw,-100.0
frequency_selector,2024-11-30,202411306013,202412010021,12.78,False,英冠,3.55,draw,法甲,3.6,draw,-100.0
frequency_selector,2024-12-08,202412080007,202412080009,12.6025,True,意甲,3.55,handicap_draw,德乙,3.55,handicap_draw,1160.25
frequency_selector,2024-12-14,202412146001,202412146013,13.125,False,澳超,3.75,handicap_draw,意甲,3.5,handicap_draw,-100.0
frequency_selector,2024-12-21,202412220014,202412220023,13.2495,False,英超,3.65,handicap_draw,荷乙,3.63,handicap_draw,-100.0
frequency_selector,2024-12-26,202412264006,202412264012,11.47,False,英超,3.7,handicap_draw,英冠,3.1,draw,-100.0
frequency_selector,2024-12-29,202412290010,202412290011,11.39,False,英超,3.35,draw,英冠,3.4,draw,-100.0
frequency_selector,2025-01-04,202501046006,202501050008,11.76,False,法乙,3.36,draw,西国王杯,3.5,draw,-100.0
frequency_selector,2025-01-10,202501105001,202501116017,13.0065,False,澳超,3.77,draw,英足总杯,3.45,draw,-100.0
frequency_selector,2025-01-18,202501190002,202501190008,10.395,False,意甲,3.15,draw,英超,3.3,draw,-100.0
frequency_selector,2025-01-25,202501256004,202501256013,11.5575,False,意甲,3.45,draw,英超,3.35,draw,-100.0
frequency_selector,2025-02-08,202502086009,202502090002,11.375,False,英足总杯,3.25,draw,意甲,3.5,draw,-100.0
frequency_selector,2025-02-14,202502156007,202502156011,13.6675,False,意甲,3.55,handicap_draw,英超,3.85,handicap_draw,-100.0
frequency_selector,2025-02-15,202502156001,202502156009,11.97,False,日职,3.42,draw,德甲,3.5,handicap_draw,-100.0
frequency_selector,2025-02-22,202502226012,202502230008,12.88,False,英超,3.5,handicap_draw,荷甲,3.68,handicap_draw,-100.0
frequency_selector,2025-02-23,202502230004,202502230011,10.304,False,韩职,3.2,draw,法甲,3.22,draw,-100.0
frequency_selector,2025-03-01,202503020003,202503020011,12.6,False,韩职,3.5,draw,意甲,3.6,draw,-100.0
frequency_selector,2025-03-08,202503090009,202503090011,13.14,True,荷甲,3.6,handicap_draw,英超,3.65,draw,1214.0
frequency_selector,2025-03-09,202503090002,202503090007,10.54,False,日乙,3.1,draw,意甲,3.4,draw,-100.0
frequency_selector,2025-03-15,202503156016,202503160019,11.286,False,英超,3.42,draw,荷甲,3.3,draw,-100.0
frequency_selector,2025-03-16,202503160001,202503160004,10.3668,False,日职,3.26,draw,日职,3.18,draw,-100.0
frequency_selector,2025-03-26,202503263005,202503263007,11.78,False,日联赛杯,3.1,draw,日联赛杯,3.8,draw,-100.0
frequency_selector,2025-03-28,202503296012,202503296020,12.07,False,意甲,3.55,draw,英冠,3.4,draw,-100.0
frequency_selector,2025-03-29,202503300007,202503300024,12.9575,False,荷甲,3.55,draw,法甲,3.65,draw,-100.0
frequency_selector,2025-03-30,202503300006,202503300008,11.05,False,韩职,3.25,draw,意甲,3.4,draw,-100.0
frequency_selector,2025-04-05,202504056012,202504060022,12.627,True,德甲,3.66,handicap_draw,英超,3.45,draw,1162.7
frequency_selector,2025-04-06,202504060011,202504060021,11.22,False,英超,3.4,draw,法甲,3.3,draw,-100.0
frequency_selector,2025-04-09,202504093001,202504093006,11.055,False,日职,3.35,draw,韩职,3.3,draw,-100.0
frequency_selector,2025-04-12,202504126011,202504130004,12.78,False,德甲,3.6,handicap_draw,韩职,3.55,draw,-100.0
frequency_selector,2025-04-13,202504130003,202504130005,11.725,False,韩职,3.5,draw,意甲,3.35,draw,-100.0
frequency_selector,2025-04-18,202504185003,202504196006,12.58,False,英冠,3.4,draw,德甲,3.7,draw,-100.0
frequency_selector,2025-04-19,202504200003,202504200015,12.6,True,日职,3.6,draw,法甲,3.5,handicap_draw,1160.0
frequency_selector,2025-04-26,202504270002,202504270013,12.075,False,荷甲,3.45,draw,意甲,3.5,draw,-100.0
frequency_selector,2025-05-03,202505036009,202505036020,10.758,False,英冠,3.3,draw,葡超,3.26,draw,-100.0
frequency_selector,2025-05-04,202505040015,202505051001,12.2475,False,德甲,3.55,draw,韩职,3.45,draw,-100.0
frequency_selector,2025-05-11,202505110001,202505110006,11.946,False,日职,3.3,draw,瑞超,3.62,handicap_draw,-100.0
frequency_selector,2025-05-17,202505180016,202505180017,12.2275,False,英超,3.65,draw,瑞超,3.35,draw,-100.0
frequency_selector,2025-05-18,202505180003,202505180009,12.6,False,日乙,3.15,draw,荷甲,4.0,draw,-100.0
frequency_selector,2025-05-23,202505235002,202505246005,10.4,True,韩职,3.2,draw,瑞超,3.25,draw,940.0
frequency_selector,2025-05-24,202505250005,202505250011,12.42,False,西甲,3.6,draw,瑞超,3.45,draw,-100.0
frequency_selector,2025-05-31,202505316003,202505316015,12.6,False,日乙,3.5,draw,瑞超,3.6,draw,-100.0
frequency_selector,2025-06-01,202506010005,202506010010,11.766,True,韩职,3.7,draw,挪超,3.18,draw,1076.6
frequency_selector,2025-06-04,202506043004,202506054002,13.3245,False,日联赛杯,3.15,draw,世预赛,4.23,draw,-100.0
frequency_selector,2025-06-08,202506080002,202506080003,12.87,False,日乙,3.9,draw,日联赛杯,3.3,draw,-100.0
frequency_selector,2025-06-17,202506172002,202506183002,12.025,False,韩职,3.7,draw,韩职,3.25,draw,-100.0
frequency_selector,2025-06-21,202506216007,202506220008,12.24,False,日职,3.4,draw,挪超,3.6,draw,-100.0
frequency_selector,2025-06-27,202506275003,202506286005,13.14,True,芬超,3.65,draw,日乙,3.6,draw,1214.0
frequency_selector,2025-06-28,202506286002,202506290011,11.385,False,日乙,3.45,draw,挪超,3.3,draw,-100.0
frequency_selector,2025-07-05,202507056011,202507060005,11.05,True,瑞超,3.25,draw,挪超,3.4,draw,1005.0
frequency_selector,2025-07-12,202507126007,202507130012,11.5575,False,日乙,3.45,draw,挪超,3.35,draw,-100.0
frequency_selector,2025-07-13,202507130003,202507130005,10.4975,False,瑞超,3.23,draw,挪超,3.25,draw,-100.0
frequency_selector,2025-07-15,202507152002,202507163003,11.375,False,东亚锦,3.25,draw,日天皇杯,3.5,draw,-100.0
frequency_selector,2025-07-20,202507200003,202507200012,11.6245,False,日职,3.47,draw,瑞超,3.35,draw,-100.0
frequency_selector,2025-07-26,202507266009,202507270011,11.8925,False,挪超,3.35,draw,瑞超,3.55,handicap_draw,-100.0
frequency_selector,2025-07-27,202507270005,202507270008,10.812,False,瑞超,3.4,draw,挪超,3.18,draw,-100.0
frequency_selector,2025-08-02,202508026001,202508030013,12.321,False,日乙,3.33,draw,挪超,3.7,draw,-100.0
frequency_selector,2025-08-03,202508030001,202508030002,12.87,False,日乙,3.3,draw,德乙,3.9,draw,-100.0
frequency_selector,2025-08-09,202508096008,202508100016,12.765,False,瑞超,3.45,draw,挪超,3.7,handicap_draw,-100.0
frequency_selector,2025-08-10,202508100012,202508100017,10.5794,True,瑞超,3.38,draw,挪超,3.13,draw,957.94
frequency_selector,2025-08-16,202508166005,202508170015,12.848,False,韩职,3.65,handicap_draw,瑞超,3.52,draw,-100.0
frequency_selector,2025-08-17,202508170016,202508170018,11.5575,False,瑞超,3.45,draw,西甲,3.35,draw,-100.0
frequency_selector,2025-08-23,202508236015,202508240007,13.608,False,英超,3.6,draw,荷甲,3.78,handicap_draw,-100.0
frequency_selector,2025-08-30,202508306009,202508310028,13.575,False,瑞超,3.62,handicap_draw,德甲,3.75,handicap_draw,-100.0
frequency_selector,2025-08-31,202508310001,202508310020,11.9,True,日职,3.4,draw,西甲,3.5,draw,1090.0
frequency_selector,2025-09-06,202509066002,202509070002,11.68,False,英甲,3.2,draw,日联赛杯,3.65,handicap_draw,-100.0
frequency_selector,2025-09-13,202509136003,202509140013,12.6025,False,日职,3.55,draw,意甲,3.55,handicap_draw,-100.0
frequency_selector,2025-09-20,202509206009,202509210007,13.32,False,英超,3.6,handicap_draw,瑞超,3.7,handicap_draw,-100.0
frequency_selector,2025-09-21,202509210002,202509210015,13.125,False,韩职,3.5,draw,德甲,3.75,handicap_draw,-100.0
frequency_selector,2025-09-23,202509232002,202509232004,10.725,True,日职,3.3,draw,日职,3.25,draw,972.5
frequency_selector,2025-09-27,202509276015,202509280001,12.213,False,法乙,3.45,draw,日乙,3.54,draw,-100.0
frequency_selector,2025-09-28,202509280003,202509280006,11.799,False,日乙,3.42,draw,日职,3.45,draw,-100.0
frequency_selector,2025-10-05,202510050010,202510050019,11.658,False,德乙,3.35,draw,法甲,3.48,draw,-100.0
frequency_selector,2025-10-11,202510116004,202510116007,13.43,False,英甲,3.4,draw,英甲,3.95,draw,-100.0
frequency_selector,2025-10-17,202510186001,202510186025,12.978,False,日职,4.12,draw,英冠,3.15,draw,-100.0
frequency_selector,2025-10-18,202510190002,202510190003,11.8524,True,日乙,3.32,draw,日职,3.57,draw,1085.24
frequency_selector,2025-10-19,202510190007,202510190012,10.89,False,德乙,3.3,draw,挪超,3.3,draw,-100.0
frequency_selector,2025-10-25,202510256012,202510260016,13.3176,False,英冠,3.58,handicap_draw,英超,3.72,handicap_draw,-100.0
frequency_selector,2025-10-26,202510260001,202510260025,11.5575,False,日乙,3.35,draw,瑞超,3.45,draw,-100.0
frequency_selector,2025-10-31,202511016011,202511016027,12.425,False,英冠,3.5,draw,英超,3.55,draw,-100.0
frequency_selector,2025-11-01,202511016003,202511020008,12.5856,False,韩职,3.42,draw,意甲,3.68,handicap_draw,-100.0
frequency_selector,2025-11-02,202511020002,202511020021,12.025,False,日乙,3.7,draw,意甲,3.25,draw,-100.0
frequency_selector,2025-11-07,202511086015,202511086028,11.73,False,英冠,3.4,draw,沙职,3.45,draw,-100.0
frequency_selector,2025-11-08,202511090002,202511090014,12.5925,False,日职,3.65,draw,西甲,3.45,draw,-100.0
frequency_selector,2025-11-09,202511090006,202511090008,10.902,True,韩职,3.16,draw,日职,3.45,draw,990.2
frequency_selector,2025-11-15,202511156004,202511156006,12.395,False,英甲,3.35,draw,英甲,3.7,draw,-100.0
frequency_selector,2025-11-22,202511226011,202511230027,12.567,False,英超,3.55,handicap_draw,荷甲,3.54,handicap_draw,-100.0
frequency_selector,2025-11-23,202511230001,202511230022,12.709,False,日乙,3.58,draw,意甲,3.55,draw,-100.0
frequency_selector,2025-11-25,202511252002,202511263001,13.4,False,亚冠精英,4.0,draw,亚冠精英,3.35,draw,-100.0
frequency_selector,2025-11-28,202511296003,202511296011,12.42,False,日乙,3.45,draw,德乙,3.6,draw,-100.0
frequency_selector,2025-11-29,202511300005,202511300030,13.3225,False,日职,3.65,draw,荷甲,3.65,draw,-100.0
frequency_selector,2025-11-30,202511300006,202511300007,12.6,False,韩职,3.5,draw,韩职,3.6,draw,-100.0
frequency_selector,2025-12-05,202512066006,202512066017,10.5525,False,日职,3.35,draw,意甲,3.15,draw,-100.0
frequency_selector,2025-12-06,202512070010,202512070013,11.2125,False,西甲,3.25,draw,意甲,3.45,draw,-100.0
frequency_selector,2025-12-07,202512070001,202512081008,10.72,False,日乙,3.2,draw,韩职,3.35,draw,-100.0
frequency_selector,2025-12-12,202512136006,202512136011,11.52,True,德乙,3.6,draw,法乙,3.2,draw,1052.0
frequency_selector,2025-12-13,202512140005,202512140019,10.725,False,德乙,3.3,draw,荷甲,3.25,draw,-100.0
frequency_selector,2025-12-19,202512195002,202512206024,10.395,False,澳超,3.3,draw,西甲,3.15,draw,-100.0
frequency_selector,2025-12-20,202512210003,202512210018,12.915,False,德乙,3.15,draw,荷甲,4.1,draw,-100.0
frequency_selector,2025-12-26,202512276006,202512276011,10.23,False,意甲,3.1,draw,英超,3.3,draw,-100.0
frequency_selector,2025-12-27,202512276001,202512280003,11.151,False,澳超,3.54,draw,非洲杯,3.15,draw,-100.0
frequency_selector,2026-01-01,202601014008,202601014018,11.2944,True,英冠,3.62,draw,英甲,3.12,draw,1029.44
frequency_selector,2026-01-03,202601040006,202601040015,12.42,False,西甲,3.6,draw,英冠,3.45,draw,-100.0
frequency_selector,2026-01-04,202601040003,202601040011,11.05,False,英冠,3.25,draw,英超,3.4,draw,-100.0
frequency_selector,2026-01-09,202601095004,202601106020,11.39,False,沙职,3.4,draw,英足总杯,3.35,draw,-100.0
frequency_selector,2026-01-10,202601106010,202601106017,10.075,True,意甲,3.25,draw,沙职,3.1,draw,907.5
frequency_selector,2026-01-11,202601110013,202601110015,11.403,False,意甲,3.15,draw,德甲,3.62,draw,-100.0
frequency_selector,2026-01-16,202601176016,202601176024,13.5,False,德甲,3.6,draw,荷甲,3.75,handicap_draw,-100.0
frequency_selector,2026-01-17,202601180009,202601180010,11.78,False,英超,3.8,draw,意甲,3.1,draw,-100.0
frequency_selector,2026-01-23,202601235002,202601246018,11.8625,True,亚洲杯23,3.65,draw,英超,3.25,draw,1086.25
frequency_selector,2026-01-24,202601246006,202601250006,10.54,False,英超,3.1,draw,德乙,3.4,draw,-100.0
frequency_selector,2026-01-31,202601316020,202602010009,10.335,False,英冠,3.18,draw,英超,3.25,draw,-100.0
frequency_selector,2026-02-07,202602076005,202602076014,11.055,False,德乙,3.35,draw,德甲,3.3,draw,-100.0
frequency_selector,2026-02-08,202602080006,202602091001,12.1605,False,德乙,3.35,draw,亚冠精英,3.63,draw,-100.0
frequency_selector,2026-02-28,202602286009,202602286015,12.53,False,英超,3.5,draw,德甲,3.58,handicap_draw,-100.0
frequency_selector,2026-03-14,202603146010,202603146018,11.8925,False,英冠,3.35,draw,西甲,3.55,draw,-100.0
frequency_selector,2026-03-15,202603150003,202603150014,12.3635,False,韩职,3.13,draw,英超,3.95,draw,-100.0
frequency_selector,2026-03-21,202603216010,202603220012,13.68,False,德甲,3.8,handicap_draw,意甲,3.6,handicap_draw,-100.0
frequency_selector,2026-03-22,202603220008,202603220013,11.84,False,德乙,3.2,draw,英超,3.7,draw,-100.0
frequency_selector,2026-03-28,202603286001,202603286005,11.856,False,日职,3.8,draw,英甲,3.12,draw,-100.0
frequency_selector,2026-04-01,202604013001,202604024002,11.385,False,日职,3.3,draw,澳超,3.45,draw,-100.0
frequency_selector,2026-04-02,202604035003,202604035006,11.196,False,英冠,3.6,draw,英冠,3.11,draw,-100.0
frequency_selector,2026-04-03,202604046003,202604046004,10.647,False,日职,3.15,draw,韩职,3.38,draw,-100.0
frequency_selector,2026-04-05,202604050007,202604061004,11.2216,False,德乙,3.38,draw,英冠,3.32,draw,-100.0
frequency_selector,2026-04-10,202604105001,202604116020,12.78,False,澳超,3.6,draw,荷甲,3.55,handicap_draw,-100.0
frequency_selector,2026-04-11,202604120002,202604120008,11.22,False,日职,3.4,draw,德乙,3.3,draw,-100.0
frequency_selector,2026-04-12,202604120009,202604120012,10.08,True,西甲,3.2,draw,英超,3.15,draw,908.0
frequency_selector,2026-04-18,202604186016,202604190017,13.774,False,德甲,3.88,handicap_draw,挪超,3.55,draw,-100.0
frequency_selector,2026-04-22,202604223001,202604223003,11.715,False,日职,3.3,draw,芬超,3.55,draw,-100.0
